config	mode	half_window	fold	stratum	n	pearson	spearman
atac_OLD	atac	500	0	all	10800	0.7846	0.7526
atac_OLD	atac	500	0	quintile1	2160	0.1252	0.1238
atac_OLD	atac	500	0	quintile2	2160	0.1362	0.1476
atac_OLD	atac	500	0	quintile3	2160	0.1669	0.1714
atac_OLD	atac	500	0	quintile4	2160	0.3384	0.3411
atac_OLD	atac	500	0	quintile5	2160	0.4526	0.4565
atac_OLD	atac	500	0	top_quintile	2160	0.4526	0.4565
atac_OLD	atac	500	0	top_two_quintiles	4320	0.6639	0.6671
atac_OLD	atac	500	1	all	14362	0.7786	0.7542
atac_OLD	atac	500	1	quintile1	2873	0.1087	0.1049
atac_OLD	atac	500	1	quintile2	2872	0.1399	0.1673
atac_OLD	atac	500	1	quintile3	2872	0.1599	0.1727
atac_OLD	atac	500	1	quintile4	2872	0.332	0.3356
atac_OLD	atac	500	1	quintile5	2873	0.4828	0.4934
atac_OLD	atac	500	1	top_quintile	2873	0.4828	0.4934
atac_OLD	atac	500	1	top_two_quintiles	5745	0.6636	0.6701
atac_OLD	atac	500	2	all	10491	0.7651	0.732
atac_OLD	atac	500	2	quintile1	2099	0.0988	0.1123
atac_OLD	atac	500	2	quintile2	2098	0.1038	0.1268
atac_OLD	atac	500	2	quintile3	2098	0.1697	0.1803
atac_OLD	atac	500	2	quintile4	2098	0.2872	0.2873
atac_OLD	atac	500	2	quintile5	2098	0.5069	0.5194
atac_OLD	atac	500	2	top_quintile	2098	0.5069	0.5194
atac_OLD	atac	500	2	top_two_quintiles	4196	0.6733	0.6712
atac_OLD	atac	500	3	all	11028	0.7893	0.7601
atac_OLD	atac	500	3	quintile1	2206	0.1378	0.1535
atac_OLD	atac	500	3	quintile2	2205	0.1382	0.132
atac_OLD	atac	500	3	quintile3	2206	0.1755	0.1798
atac_OLD	atac	500	3	quintile4	2205	0.3565	0.3581
atac_OLD	atac	500	3	quintile5	2206	0.5069	0.5154
atac_OLD	atac	500	3	top_quintile	2206	0.5069	0.5154
atac_OLD	atac	500	3	top_two_quintiles	4411	0.6897	0.6926
atac_OLD	atac	500	4	all	10463	0.7596	0.725
atac_OLD	atac	500	4	quintile1	2093	0.1278	0.1389
atac_OLD	atac	500	4	quintile2	2092	0.123	0.1343
atac_OLD	atac	500	4	quintile3	2093	0.1726	0.1783
atac_OLD	atac	500	4	quintile4	2092	0.3225	0.319
atac_OLD	atac	500	4	quintile5	2093	0.5173	0.5248
atac_OLD	atac	500	4	top_quintile	2093	0.5173	0.5248
atac_OLD	atac	500	4	top_two_quintiles	4185	0.6755	0.6718
atac_5PRIME	atac	500	0	all	10800	0.7984	0.7686
atac_5PRIME	atac	500	0	quintile1	2160	0.1559	0.1633
atac_5PRIME	atac	500	0	quintile2	2160	0.1462	0.1607
atac_5PRIME	atac	500	0	quintile3	2160	0.1906	0.1919
atac_5PRIME	atac	500	0	quintile4	2160	0.3234	0.3275
atac_5PRIME	atac	500	0	quintile5	2160	0.4789	0.4901
atac_5PRIME	atac	500	0	top_quintile	2160	0.4789	0.4901
atac_5PRIME	atac	500	0	top_two_quintiles	4320	0.6755	0.6802
atac_5PRIME	atac	500	1	all	14362	0.7984	0.7747
atac_5PRIME	atac	500	1	quintile1	2873	0.1267	0.1279
atac_5PRIME	atac	500	1	quintile2	2872	0.1589	0.1819
atac_5PRIME	atac	500	1	quintile3	2872	0.1639	0.178
atac_5PRIME	atac	500	1	quintile4	2872	0.3329	0.3346
atac_5PRIME	atac	500	1	quintile5	2873	0.5138	0.5273
atac_5PRIME	atac	500	1	top_quintile	2873	0.5138	0.5273
atac_5PRIME	atac	500	1	top_two_quintiles	5745	0.679	0.6844
atac_5PRIME	atac	500	2	all	10491	0.7819	0.7534
atac_5PRIME	atac	500	2	quintile1	2099	0.1327	0.1487
atac_5PRIME	atac	500	2	quintile2	2098	0.135	0.1552
atac_5PRIME	atac	500	2	quintile3	2098	0.1707	0.1794
atac_5PRIME	atac	500	2	quintile4	2098	0.2869	0.2847
atac_5PRIME	atac	500	2	quintile5	2098	0.51	0.5219
atac_5PRIME	atac	500	2	top_quintile	2098	0.51	0.5219
atac_5PRIME	atac	500	2	top_two_quintiles	4196	0.6742	0.6705
atac_5PRIME	atac	500	3	all	11028	0.8014	0.7746
atac_5PRIME	atac	500	3	quintile1	2206	0.1402	0.1609
atac_5PRIME	atac	500	3	quintile2	2205	0.1469	0.1438
atac_5PRIME	atac	500	3	quintile3	2206	0.1874	0.1918
atac_5PRIME	atac	500	3	quintile4	2205	0.3514	0.3558
atac_5PRIME	atac	500	3	quintile5	2206	0.5228	0.5331
atac_5PRIME	atac	500	3	top_quintile	2206	0.5228	0.5331
atac_5PRIME	atac	500	3	top_two_quintiles	4411	0.6972	0.7011
atac_5PRIME	atac	500	4	all	10463	0.7738	0.741
atac_5PRIME	atac	500	4	quintile1	2093	0.1465	0.1547
atac_5PRIME	atac	500	4	quintile2	2092	0.1434	0.1492
atac_5PRIME	atac	500	4	quintile3	2093	0.1792	0.1859
atac_5PRIME	atac	500	4	quintile4	2092	0.3283	0.3218
atac_5PRIME	atac	500	4	quintile5	2093	0.5535	0.5639
atac_5PRIME	atac	500	4	top_quintile	2093	0.5535	0.5639
atac_5PRIME	atac	500	4	top_two_quintiles	4185	0.6881	0.6818
multimodal_OLD	multimodal	500	0	all	10800	0.8325	0.8068
multimodal_OLD	multimodal	500	0	quintile1	2160	0.2271	0.2331
multimodal_OLD	multimodal	500	0	quintile2	2160	0.1901	0.2033
multimodal_OLD	multimodal	500	0	quintile3	2160	0.2157	0.2216
multimodal_OLD	multimodal	500	0	quintile4	2160	0.3599	0.3649
multimodal_OLD	multimodal	500	0	quintile5	2160	0.5672	0.5805
multimodal_OLD	multimodal	500	0	top_quintile	2160	0.5672	0.5805
multimodal_OLD	multimodal	500	0	top_two_quintiles	4320	0.7223	0.7255
multimodal_OLD	multimodal	500	1	all	14362	0.8374	0.8179
multimodal_OLD	multimodal	500	1	quintile1	2873	0.1906	0.213
multimodal_OLD	multimodal	500	1	quintile2	2872	0.1887	0.1992
multimodal_OLD	multimodal	500	1	quintile3	2872	0.2018	0.2167
multimodal_OLD	multimodal	500	1	quintile4	2872	0.3661	0.3694
multimodal_OLD	multimodal	500	1	quintile5	2873	0.5743	0.5842
multimodal_OLD	multimodal	500	1	top_quintile	2873	0.5743	0.5842
multimodal_OLD	multimodal	500	1	top_two_quintiles	5745	0.73	0.7359
multimodal_OLD	multimodal	500	2	all	10491	0.8158	0.7901
multimodal_OLD	multimodal	500	2	quintile1	2099	0.1767	0.2068
multimodal_OLD	multimodal	500	2	quintile2	2098	0.1458	0.1665
multimodal_OLD	multimodal	500	2	quintile3	2098	0.196	0.2003
multimodal_OLD	multimodal	500	2	quintile4	2098	0.3124	0.3066
multimodal_OLD	multimodal	500	2	quintile5	2098	0.5907	0.6066
multimodal_OLD	multimodal	500	2	top_quintile	2098	0.5907	0.6066
multimodal_OLD	multimodal	500	2	top_two_quintiles	4196	0.7123	0.7125
multimodal_OLD	multimodal	500	3	all	11028	0.8269	0.804
multimodal_OLD	multimodal	500	3	quintile1	2206	0.1816	0.2002
multimodal_OLD	multimodal	500	3	quintile2	2205	0.1835	0.1902
multimodal_OLD	multimodal	500	3	quintile3	2206	0.2312	0.2389
multimodal_OLD	multimodal	500	3	quintile4	2205	0.3488	0.349
multimodal_OLD	multimodal	500	3	quintile5	2206	0.5701	0.5832
multimodal_OLD	multimodal	500	3	top_quintile	2206	0.5701	0.5832
multimodal_OLD	multimodal	500	3	top_two_quintiles	4411	0.7275	0.73
multimodal_OLD	multimodal	500	4	all	10463	0.8127	0.786
multimodal_OLD	multimodal	500	4	quintile1	2093	0.2254	0.229
multimodal_OLD	multimodal	500	4	quintile2	2092	0.1959	0.1982
multimodal_OLD	multimodal	500	4	quintile3	2093	0.2018	0.2107
multimodal_OLD	multimodal	500	4	quintile4	2092	0.3491	0.3479
multimodal_OLD	multimodal	500	4	quintile5	2093	0.5946	0.5985
multimodal_OLD	multimodal	500	4	top_quintile	2093	0.5946	0.5985
multimodal_OLD	multimodal	500	4	top_two_quintiles	4185	0.7262	0.7202
multimodal_5PRIME	multimodal	500	0	all	10800	0.8341	0.8101
multimodal_5PRIME	multimodal	500	0	quintile1	2160	0.2102	0.226
multimodal_5PRIME	multimodal	500	0	quintile2	2160	0.1868	0.2039
multimodal_5PRIME	multimodal	500	0	quintile3	2160	0.208	0.2104
multimodal_5PRIME	multimodal	500	0	quintile4	2160	0.3609	0.3669
multimodal_5PRIME	multimodal	500	0	quintile5	2160	0.5675	0.572
multimodal_5PRIME	multimodal	500	0	top_quintile	2160	0.5675	0.572
multimodal_5PRIME	multimodal	500	0	top_two_quintiles	4320	0.7287	0.7257
multimodal_5PRIME	multimodal	500	1	all	14362	0.8366	0.8185
multimodal_5PRIME	multimodal	500	1	quintile1	2873	0.1897	0.2078
multimodal_5PRIME	multimodal	500	1	quintile2	2872	0.2005	0.2132
multimodal_5PRIME	multimodal	500	1	quintile3	2872	0.2015	0.2164
multimodal_5PRIME	multimodal	500	1	quintile4	2872	0.358	0.3624
multimodal_5PRIME	multimodal	500	1	quintile5	2873	0.5594	0.5665
multimodal_5PRIME	multimodal	500	1	top_quintile	2873	0.5594	0.5665
multimodal_5PRIME	multimodal	500	1	top_two_quintiles	5745	0.7222	0.727
multimodal_5PRIME	multimodal	500	2	all	10491	0.8159	0.7918
multimodal_5PRIME	multimodal	500	2	quintile1	2099	0.1707	0.1945
multimodal_5PRIME	multimodal	500	2	quintile2	2098	0.1593	0.1723
multimodal_5PRIME	multimodal	500	2	quintile3	2098	0.1911	0.2
multimodal_5PRIME	multimodal	500	2	quintile4	2098	0.3261	0.3219
multimodal_5PRIME	multimodal	500	2	quintile5	2098	0.5861	0.5896
multimodal_5PRIME	multimodal	500	2	top_quintile	2098	0.5861	0.5896
multimodal_5PRIME	multimodal	500	2	top_two_quintiles	4196	0.7164	0.7074
multimodal_5PRIME	multimodal	500	3	all	11028	0.8313	0.8085
multimodal_5PRIME	multimodal	500	3	quintile1	2206	0.1908	0.2093
multimodal_5PRIME	multimodal	500	3	quintile2	2205	0.1833	0.1867
multimodal_5PRIME	multimodal	500	3	quintile3	2206	0.2346	0.2413
multimodal_5PRIME	multimodal	500	3	quintile4	2205	0.368	0.372
multimodal_5PRIME	multimodal	500	3	quintile5	2206	0.582	0.5862
multimodal_5PRIME	multimodal	500	3	top_quintile	2206	0.582	0.5862
multimodal_5PRIME	multimodal	500	3	top_two_quintiles	4411	0.7325	0.7353
multimodal_5PRIME	multimodal	500	4	all	10463	0.8126	0.7857
multimodal_5PRIME	multimodal	500	4	quintile1	2093	0.2153	0.2197
multimodal_5PRIME	multimodal	500	4	quintile2	2092	0.1793	0.1823
multimodal_5PRIME	multimodal	500	4	quintile3	2093	0.1954	0.2026
multimodal_5PRIME	multimodal	500	4	quintile4	2092	0.3534	0.3479
multimodal_5PRIME	multimodal	500	4	quintile5	2093	0.5971	0.6033
multimodal_5PRIME	multimodal	500	4	top_quintile	2093	0.5971	0.6033
multimodal_5PRIME	multimodal	500	4	top_two_quintiles	4185	0.7246	0.7185
