position	mean_all	median_all	mean_decile4	mean_decile6	mean_decile8	mean_decile10
-9975.0	3.95962	1.0	1.4606135	2.6279268	5.382359	14.04294
-9925.0	3.9648438	1.0	1.444749	2.5812075	5.32613	14.403769
-9875.0	3.9779162	1.0	1.4346588	2.5223396	5.227356	14.789843
-9825.0	3.9955785	1.0	1.4095968	2.4699981	5.1698627	15.199154
-9775.0	4.0072184	1.0	1.3813148	2.4491272	5.108072	15.528478
-9725.0	4.0207767	1.0	1.3568318	2.448781	5.0338907	15.840586
-9675.0	4.0353427	1.0	1.3321636	2.4429939	4.985575	16.013592
-9625.0	4.04587	1.0	1.3254082	2.4260857	4.9592547	16.199299
-9575.0	4.053806	1.0	1.3299643	2.4074538	4.9167304	16.382593
-9525.0	4.0676503	1.0	1.3352522	2.3461535	4.870306	16.74159
-9475.0	4.06339	1.0	1.3356521	2.2718067	4.8478584	16.921759
-9425.0	4.076979	1.0	1.3405796	2.2263699	4.8427434	17.159882
-9375.0	4.078959	1.0	1.3406929	2.2022142	4.8389125	17.262579
-9325.0	4.07184	1.0	1.3296903	2.1699677	4.8480325	17.300247
-9275.0	4.0703444	1.0	1.3208205	2.17166	4.857809	17.29297
-9225.0	4.0747533	1.0	1.3197398	2.188013	4.83392	17.348629
-9175.0	4.0659637	1.0	1.3060758	2.1709864	4.816028	17.401867
-9125.0	4.060367	1.0	1.2814945	2.1525726	4.762907	17.522896
-9075.0	4.0655565	1.0	1.2756785	2.1699007	4.673796	17.80177
-9025.0	4.0774326	1.0	1.2575135	2.173647	4.6428185	18.099524
-8975.0	4.1031795	1.0	1.244888	2.1653736	4.605023	18.5077
-8925.0	4.1105185	1.0	1.2521179	2.1529202	4.572406	18.764017
-8875.0	4.104888	1.0	1.2720503	2.122929	4.563043	18.890156
-8825.0	4.1001105	1.0	1.2762053	2.0834374	4.5669475	18.867489
-8775.0	4.09773	1.0	1.2847198	2.0523605	4.536256	18.867994
-8725.0	4.0739803	1.0	1.2810467	2.021106	4.4830985	18.6956
-8675.0	4.062262	1.0	1.2651687	2.006039	4.4247475	18.599407
-8625.0	4.046511	1.0	1.2580864	2.0120072	4.340923	18.457785
-8575.0	4.0316753	1.0	1.2525905	2.0173733	4.270221	18.416304
-8525.0	4.0107994	1.0	1.2382663	2.0140655	4.252244	18.260002
-8475.0	4.0216455	1.0	1.2425737	2.0549603	4.298966	18.285175
-8425.0	4.0242653	1.0	1.2550845	2.0848405	4.3290024	18.29287
-8375.0	4.037947	1.0	1.2572389	2.1060133	4.429425	18.394396
-8325.0	4.042794	1.0	1.244829	2.1129532	4.499249	18.407131
-8275.0	4.0475526	1.0	1.2638954	2.1338258	4.5470695	18.423342
-8225.0	4.025413	1.0	1.2772194	2.1062927	4.575472	18.255173
-8175.0	4.010763	1.0	1.2740643	2.103401	4.602575	18.12908
-8125.0	4.0097375	1.0	1.29091	2.102352	4.549821	18.086592
-8075.0	4.0313377	1.0	1.3123438	2.099574	4.5328445	18.220135
-8025.0	4.0506477	1.0	1.3081564	2.0925803	4.48968	18.489202
-7975.0	4.080358	1.0	1.3050421	2.101461	4.420733	18.872637
-7925.0	4.136127	1.0	1.3138118	2.0998268	4.37955	19.355032
-7875.0	4.1625195	1.0	1.2857689	2.0912936	4.357868	19.67864
-7825.0	4.1588182	1.0	1.2625611	2.0923674	4.3424335	19.727139
-7775.0	4.127443	1.0	1.2610875	2.0913472	4.338793	19.441097
-7725.0	4.082375	1.0	1.2522305	2.0823257	4.3294477	18.988554
-7675.0	3.998494	1.0	1.2458014	2.0702283	4.2999177	18.336393
-7625.0	3.9377763	1.0	1.2376459	2.062627	4.296839	17.83411
-7575.0	3.8917155	1.0	1.2246015	2.06458	4.2452917	17.532623
-7525.0	3.8750584	1.0	1.2302426	2.0512865	4.1634912	17.49509
-7475.0	3.8833258	1.0	1.2206925	2.0470076	4.1300874	17.627083
-7425.0	3.9095716	1.0	1.2073952	2.0324776	4.156696	17.842175
-7375.0	3.9339623	1.0	1.232564	2.0285277	4.1529403	18.004677
-7325.0	3.96504	1.0	1.2881426	2.0200267	4.213071	18.152966
-7275.0	4.0001245	1.0	1.3077163	2.0118139	4.2817893	18.409191
-7225.0	4.0335903	1.0	1.3282564	2.0207062	4.3666058	18.718216
-7175.0	4.0600767	1.0	1.338947	2.0401285	4.412028	19.00889
-7125.0	4.0767074	1.0	1.338399	2.026388	4.4611588	19.207357
-7075.0	4.0843124	1.0	1.3175329	2.050527	4.486139	19.306143
-7025.0	4.07686	1.0	1.3032081	2.0803666	4.5139484	19.22913
-6975.0	4.058506	1.0	1.293124	2.0806596	4.4548006	19.155558
-6925.0	4.045001	1.0	1.2777058	2.0795398	4.4131646	19.128775
-6875.0	4.050564	1.0	1.2687097	2.093219	4.3822904	19.24224
-6825.0	4.050792	1.0	1.2657747	2.0726802	4.328845	19.269163
-6775.0	4.0655575	1.0	1.2529109	2.0406263	4.293596	19.350145
-6725.0	4.07432	1.0	1.266908	2.0314775	4.299677	19.278532
-6675.0	4.0810466	1.0	1.298266	2.0157213	4.2521834	19.20384
-6625.0	4.0659237	1.0	1.3139445	2.0282857	4.188235	18.971415
-6575.0	4.04554	1.0	1.3055023	2.0225925	4.1451187	18.881018
-6525.0	4.0123525	1.0	1.3056483	2.0580196	4.117719	18.721264
-6475.0	3.977287	1.0	1.3014612	2.0833337	4.0935802	18.54993
-6425.0	3.9517813	1.0	1.299153	2.1168325	4.0952315	18.396843
-6375.0	3.9359188	1.0	1.2847747	2.1149597	4.1288424	18.353952
-6325.0	3.942858	1.0	1.2724572	2.103014	4.185248	18.357826
-6275.0	3.9606256	1.0	1.2802131	2.067642	4.202903	18.390486
-6225.0	3.9960532	1.0	1.2689831	2.0306666	4.219507	18.630024
-6175.0	4.019846	1.0	1.24859	1.9934714	4.246754	18.843851
-6125.0	4.0485225	1.0	1.257693	1.9420478	4.2529054	19.00659
-6075.0	4.048443	1.0	1.2689364	1.92056	4.199332	18.981771
-6025.0	4.038391	1.0	1.2655483	1.8938154	4.1797867	18.964582
-5975.0	4.0103073	1.0	1.278032	1.8832861	4.1350064	18.804316
-5925.0	4.0037947	1.0	1.2824805	1.8659298	4.09636	18.774872
-5875.0	3.9931035	1.0	1.282674	1.8940052	4.0702753	18.778904
-5825.0	3.9992156	1.0	1.2906845	1.9271463	4.072703	18.84685
-5775.0	3.9961176	1.0	1.2868749	1.9706984	4.0582438	18.760405
-5725.0	3.9784825	1.0	1.2762258	1.9728936	4.072029	18.516544
-5675.0	3.943432	1.0	1.296552	1.9582506	4.090735	18.123041
-5625.0	3.9082267	1.0	1.2958592	1.9430002	4.0887704	17.744595
-5575.0	3.8673995	1.0	1.3021804	1.9410245	4.0915074	17.366917
-5525.0	3.8224483	1.0	1.3217204	1.9166278	4.067384	17.104868
-5475.0	3.7962265	1.0	1.3255616	1.924634	4.0505667	16.999254
-5425.0	3.783234	1.0	1.3261094	1.960574	4.0409393	16.906284
-5375.0	3.7728345	1.0	1.3392926	1.9767407	4.023789	16.857088
-5325.0	3.7665184	1.0	1.3396387	1.9693946	4.0384073	16.847841
-5275.0	3.7833846	1.0	1.3454819	1.9974802	4.0805855	16.912628
-5225.0	3.7954342	1.0	1.36196	2.0023065	4.134692	16.882551
-5175.0	3.7830923	1.0	1.3559859	2.0152128	4.1261	16.81979
-5125.0	3.770891	1.0	1.3578459	2.028452	4.1299267	16.69692
-5075.0	3.763152	1.0	1.3792677	2.0352006	4.100099	16.619148
-5025.0	3.7408223	1.0	1.3687227	2.008452	4.0777707	16.500937
-4975.0	3.716885	1.0	1.3423274	1.9931786	4.0090675	16.52171
-4925.0	3.7003095	1.0	1.3208069	1.9809204	3.9672403	16.557499
-4875.0	3.67252	1.0	1.2866957	1.9780326	3.9319587	16.558535
-4825.0	3.6383407	1.0	1.2564849	1.9618807	3.9110796	16.515533
-4775.0	3.6083732	1.0	1.2461361	1.9576063	3.9090993	16.393734
-4725.0	3.5991123	1.0	1.2485299	1.9673855	3.960713	16.293322
-4675.0	3.592332	1.0	1.255671	1.9352137	4.029245	16.218678
-4625.0	3.5887353	1.0	1.2679431	1.9122541	4.0636344	16.1458
-4575.0	3.5902867	1.0	1.2672424	1.8995465	4.1334715	16.107344
-4525.0	3.5906467	1.0	1.2864484	1.8944006	4.154478	16.06966
-4475.0	3.571071	1.0	1.3190855	1.8769271	4.13878	15.932641
-4425.0	3.544821	1.0	1.3254822	1.8932014	4.127479	15.68306
-4375.0	3.5206256	1.0	1.3332568	1.8853875	4.127911	15.445858
-4325.0	3.4962585	1.0	1.3279493	1.9006797	4.072804	15.245528
-4275.0	3.4679682	1.0	1.3170052	1.9019607	4.031835	15.080305
-4225.0	3.4445426	1.0	1.2956587	1.9282141	3.9979398	14.915011
-4175.0	3.4282672	1.0	1.2950047	1.930448	3.954521	14.833242
-4125.0	3.4134037	1.0	1.2922705	1.9294648	3.9490094	14.794272
-4075.0	3.3975668	1.0	1.2963517	1.9231938	3.9253304	14.762258
-4025.0	3.3938446	1.0	1.3003277	1.9320002	3.8805084	14.806177
-3975.0	3.396532	1.0	1.31093	1.9101977	3.8162975	14.920589
-3925.0	3.4142225	1.0	1.3138778	1.914867	3.7625804	15.138459
-3875.0	3.453185	1.0	1.3058889	1.9358476	3.7309577	15.455271
-3825.0	3.493565	1.0	1.2999465	1.92968	3.7122626	15.756569
-3775.0	3.5410075	1.0	1.2956315	1.9312671	3.7246952	16.060373
-3725.0	3.5836937	1.0	1.2815533	1.9322809	3.7711833	16.30691
-3675.0	3.6214852	1.0	1.2650553	1.9678802	3.8212233	16.538269
-3625.0	3.641352	1.0	1.2720238	1.995812	3.8524632	16.634579
-3575.0	3.650721	1.0	1.2823882	2.032732	3.8798995	16.629757
-3525.0	3.6378007	1.0	1.2714442	2.0358877	3.8982346	16.524773
-3475.0	3.627039	1.0	1.2733988	2.0436738	3.91702	16.438795
-3425.0	3.6107183	1.0	1.3138785	2.004847	3.9194605	16.288788
-3375.0	3.6076021	1.0	1.3256952	1.9715933	3.9140053	16.223822
-3325.0	3.606603	1.0	1.3295033	1.9533994	3.9060156	16.206718
-3275.0	3.6254914	1.0	1.345121	1.9583347	3.9090915	16.298676
-3225.0	3.6437716	1.0	1.3446751	1.9787308	3.8729103	16.3992
-3175.0	3.6567461	1.0	1.3267019	1.9823409	3.882816	16.47599
-3125.0	3.6550453	1.0	1.3334711	2.0006804	3.8783357	16.5248
-3075.0	3.656333	1.0	1.3392794	1.9919735	3.865156	16.57035
-3025.0	3.653344	1.0	1.3368995	2.0032468	3.8567138	16.564459
-2975.0	3.6564674	1.0	1.3371994	2.0144017	3.864422	16.544758
-2925.0	3.666061	1.0	1.328369	2.0599198	3.8400478	16.581139
-2875.0	3.6750045	1.0	1.3056619	2.0468261	3.8366334	16.593302
-2825.0	3.6970968	1.0	1.3026205	2.0407329	3.8910213	16.643396
-2775.0	3.7138877	1.0	1.2949443	2.0299728	3.9265437	16.716913
-2725.0	3.737269	1.0	1.2991261	2.0184066	4.0259604	16.816294
-2675.0	3.751498	1.0	1.3029071	1.9880067	4.1076083	16.834667
-2625.0	3.7787085	1.0	1.3327504	2.006974	4.2035847	16.876705
-2575.0	3.8256242	1.0	1.3531643	2.043014	4.3015532	17.05244
-2525.0	3.8806484	1.0	1.3695422	2.058852	4.3624086	17.319637
-2475.0	3.9360628	1.0	1.3737515	2.0448532	4.392761	17.682117
-2425.0	4.002739	1.0	1.3755592	2.0530062	4.419384	18.123425
-2375.0	4.0714383	1.0	1.3711303	2.0630598	4.3913717	18.660215
-2325.0	4.1060786	1.0	1.3609539	2.0677345	4.3376436	19.001812
-2275.0	4.151853	1.0	1.3520844	2.0702388	4.3793664	19.339752
-2225.0	4.180428	1.0	1.3521833	2.0920196	4.3997817	19.561953
-2175.0	4.209027	1.0	1.3502632	2.1206257	4.4381022	19.730692
-2125.0	4.2356577	1.0	1.3336723	2.1268744	4.504142	19.788141
-2075.0	4.273557	1.0	1.3368784	2.1212332	4.6176047	19.838552
-2025.0	4.319312	1.0	1.3556186	2.1215868	4.720994	19.945515
-1975.0	4.392099	1.0	1.3856825	2.1346674	4.8024864	20.164259
-1925.0	4.4676743	1.0	1.4118043	2.1179602	4.867812	20.57209
-1875.0	4.5568776	1.0	1.4383248	2.1283076	4.965418	21.073954
-1825.0	4.653473	1.0	1.4589326	2.1540263	5.0520005	21.576773
-1775.0	4.7295756	1.0	1.4621801	2.1781802	5.1145034	21.96976
-1725.0	4.8183546	1.0	1.4389203	2.1953192	5.2438517	22.466013
-1675.0	4.9141297	1.0	1.4228609	2.2271142	5.418913	22.905222
-1625.0	5.0048184	1.0	1.4131318	2.2816927	5.5880704	23.353148
-1575.0	5.1100163	1.02	1.3909442	2.3319542	5.780528	24.021774
-1525.0	5.2307796	1.02	1.3823607	2.368506	6.0191665	24.795897
-1475.0	5.3398046	1.04	1.384468	2.386559	6.2286296	25.494267
-1425.0	5.471471	1.12	1.4080416	2.4053466	6.530081	26.185867
-1375.0	5.6176395	1.14	1.4170183	2.415441	6.819546	26.865322
-1325.0	5.7641435	1.2	1.4391135	2.4245992	7.082239	27.47696
-1275.0	5.9161763	1.24	1.4559518	2.477536	7.259899	28.187786
-1225.0	6.089001	1.34	1.4837002	2.5481868	7.4528403	28.97666
-1175.0	6.258945	1.4	1.5036142	2.585082	7.624364	29.80235
-1125.0	6.4254403	1.44	1.5100105	2.626181	7.757278	30.74822
-1075.0	6.5987883	1.48	1.5012326	2.6937602	7.900072	31.673384
-1025.0	6.789627	1.52	1.5162647	2.7230058	8.088542	32.577095
-975.0	6.984588	1.54	1.5164926	2.7402012	8.33868	33.551224
-925.0	7.218289	1.62	1.5049951	2.8036788	8.4737015	34.933178
-875.0	7.481559	1.68	1.5196995	2.863461	8.671614	36.417366
-825.0	7.776297	1.82	1.5501643	2.9332924	8.8961935	38.084984
-775.0	8.088172	1.88	1.5590932	3.0249672	9.248409	39.71577
-725.0	8.430691	1.94	1.579053	3.1701498	9.624808	41.329823
-675.0	8.813765	2.0	1.6110512	3.3691733	10.193802	42.87779
-625.0	9.274733	2.0	1.6583263	3.574455	10.891465	44.709
-575.0	9.831028	2.0	1.7137184	3.7675195	11.744168	47.047302
-525.0	10.493447	2.0	1.7976923	4.03008	12.645411	50.01186
-475.0	11.170419	2.0	1.9153858	4.357307	13.580243	52.955246
-425.0	11.817404	2.06	2.0589614	4.657454	14.494116	55.661976
-375.0	12.40315	2.38	2.2511246	5.009736	15.389551	57.800762
-325.0	12.903419	2.68	2.471002	5.4155903	16.190031	59.26352
-275.0	13.254679	3.0	2.7182465	5.866532	16.971079	59.557766
-225.0	13.518049	3.0	2.985824	6.232523	17.62963	59.370354
-175.0	13.634937	3.18	3.184808	6.5565553	18.047207	58.5515
-125.0	13.601528	3.38	3.2674572	6.7134323	18.178198	57.567688
-75.0	13.521499	3.54	3.3161714	6.8657317	18.1972	56.57214
-25.0	13.487928	3.66	3.319253	6.927789	18.007908	56.237755
25.0	13.510171	3.68	3.2835925	7.01111	17.897213	56.236404
75.0	13.569871	3.58	3.265673	7.0408335	17.86717	56.757767
125.0	13.668079	3.42	3.2256334	7.0883713	17.826824	57.692722
175.0	13.65592	3.2	3.1542232	6.9487767	17.692717	58.511246
225.0	13.505788	3.0	3.019934	6.665736	17.58092	58.748734
275.0	13.1798315	3.0	2.8075702	6.240452	17.201427	58.614674
325.0	12.762107	2.78	2.584023	5.7873445	16.587917	57.992416
375.0	12.234036	2.48	2.402529	5.3166957	15.902478	56.47107
425.0	11.6560335	2.18	2.2113845	4.9514446	15.126453	54.436287
475.0	11.035724	2.0	2.0659885	4.6289053	14.166482	52.180798
525.0	10.427442	2.0	1.9591994	4.3124256	13.183779	49.768116
575.0	9.835062	2.0	1.8495839	4.0203986	12.333567	47.179
625.0	9.33785	2.0	1.772592	3.8130655	11.594708	45.04968
675.0	8.898221	2.0	1.7104101	3.5765774	10.945495	43.047894
725.0	8.496933	2.0	1.6396661	3.3883512	10.36328	41.20972
775.0	8.162841	1.9	1.6049085	3.26264	9.865161	39.627213
825.0	7.890679	1.82	1.600974	3.2048147	9.4286995	38.309303
875.0	7.637613	1.72	1.5807132	3.1158993	9.046932	37.022846
925.0	7.402622	1.66	1.562581	3.0276291	8.668241	35.930874
975.0	7.2062435	1.6	1.5437009	2.9587393	8.319036	35.041817
1025.0	7.0142465	1.6	1.5156059	2.8922405	8.034221	34.189186
1075.0	6.8354707	1.48	1.4742239	2.8037438	7.788032	33.433506
1125.0	6.6474376	1.4	1.4552445	2.7188985	7.513873	32.580803
1175.0	6.465167	1.38	1.423228	2.6725502	7.1808157	31.77309
1225.0	6.291614	1.3	1.4324378	2.6344807	6.85288	30.918837
1275.0	6.115008	1.28	1.4341304	2.6288352	6.540445	30.025913
1325.0	5.935504	1.24	1.4408944	2.6095138	6.213981	29.18762
1375.0	5.7635264	1.21	1.4270359	2.5784805	5.955764	28.420252
1425.0	5.6059937	1.16	1.4345516	2.5567205	5.7915463	27.569813
1475.0	5.4453564	1.14	1.4162524	2.494388	5.691741	26.71935
1525.0	5.2933316	1.1	1.3761189	2.4140668	5.5784025	25.900078
1575.0	5.155723	1.04	1.344194	2.344799	5.458193	25.09693
1625.0	5.03411	1.02	1.3220937	2.3110917	5.3468494	24.31025
1675.0	4.9443107	1.0	1.3116038	2.293223	5.229224	23.724443
1725.0	4.874344	1.0	1.2998005	2.297306	5.1269646	23.263472
1775.0	4.8036714	1.0	1.3125697	2.284062	5.028637	22.822756
1825.0	4.713335	1.0	1.3470757	2.251468	4.932698	22.247389
1875.0	4.6310606	1.0	1.3539183	2.2362332	4.842109	21.734324
1925.0	4.543252	1.0	1.3508236	2.2078397	4.81444	21.211689
1975.0	4.4536967	1.0	1.3648746	2.1885526	4.7829657	20.611002
2025.0	4.359601	1.0	1.3646423	2.1876788	4.7552395	19.944296
2075.0	4.2821817	1.0	1.3469081	2.2042334	4.7063146	19.38199
2125.0	4.203177	1.0	1.36002	2.178808	4.644299	18.818968
2175.0	4.124514	1.0	1.3547579	2.142188	4.5518713	18.281294
2225.0	4.059285	1.0	1.3456627	2.1264198	4.4710126	17.844452
2275.0	4.014926	1.0	1.3565456	2.092927	4.3539066	17.608654
2325.0	3.9786	1.0	1.3493496	2.0759988	4.266668	17.483349
2375.0	3.9606194	1.0	1.3486902	2.073687	4.197785	17.51739
2425.0	3.9483728	1.0	1.3509499	2.0888445	4.1180406	17.617924
2475.0	3.928031	1.0	1.344661	2.083488	4.055881	17.630907
2525.0	3.9129143	1.0	1.3305298	2.1072924	4.040557	17.642223
2575.0	3.885297	1.0	1.3277953	2.1263275	4.029558	17.535107
2625.0	3.837836	1.0	1.3290496	2.1415398	4.0055933	17.2224
2675.0	3.7895029	1.0	1.3406132	2.1480136	3.981083	16.83999
2725.0	3.7430134	1.0	1.3582798	2.1407657	3.9351263	16.53982
2775.0	3.6939194	1.0	1.3553061	2.1226542	3.916748	16.202631
2825.0	3.6580796	1.0	1.3500295	2.0822866	3.891738	16.012985
2875.0	3.6342592	1.0	1.3261155	2.0681667	3.8599415	15.908725
2925.0	3.6079826	1.0	1.305716	2.049915	3.858558	15.817329
2975.0	3.58547	1.0	1.2842886	2.0514615	3.9083555	15.665103
3025.0	3.5551517	1.0	1.2856543	2.0283449	3.912294	15.447712
3075.0	3.5286822	1.0	1.2954183	2.0446188	3.9030755	15.165274
3125.0	3.4958608	1.0	1.3127047	2.0472007	3.905585	14.914098
3175.0	3.4747725	1.0	1.3269897	2.0466208	3.8762753	14.754449
3225.0	3.456856	1.0	1.3260148	2.049078	3.7986598	14.727895
3275.0	3.4637065	1.0	1.3161857	2.0780663	3.7696633	14.875694
3325.0	3.4809217	1.0	1.3038349	2.0781274	3.7648945	15.103333
3375.0	3.499644	1.0	1.2996993	2.082192	3.7582276	15.3395
3425.0	3.509625	1.0	1.298866	2.0837533	3.751987	15.549365
3475.0	3.5148773	1.0	1.3073565	2.068287	3.767541	15.629023
3525.0	3.5229995	1.0	1.3213669	2.0478873	3.7681742	15.786233
3575.0	3.5361922	1.0	1.3214138	2.0463793	3.8058152	15.971124
3625.0	3.5437257	1.0	1.3113179	2.0257409	3.8134918	16.100441
3675.0	3.546252	1.0	1.3044406	2.027163	3.8597507	16.088575
3725.0	3.54339	1.0	1.2931039	2.0208468	3.894931	16.000761
3775.0	3.5160904	1.0	1.2918237	2.0259726	3.9056957	15.667983
3825.0	3.4820137	1.0	1.2790331	2.0116215	3.874112	15.280346
3875.0	3.4536502	1.0	1.2695501	2.0165715	3.8591044	14.980539
3925.0	3.4311078	1.0	1.2745862	2.0114727	3.855187	14.746642
3975.0	3.4169257	1.0	1.2781272	2.025388	3.8641672	14.680224
4025.0	3.4173417	1.0	1.2737718	2.018635	3.8940938	14.71974
4075.0	3.41521	1.0	1.2859957	2.0072331	3.90548	14.805361
4125.0	3.4131856	1.0	1.2951248	1.9982116	3.9352849	14.815797
4175.0	3.4296076	1.0	1.2771925	1.9910605	3.9300873	14.959315
4225.0	3.451369	1.0	1.2695758	1.9830064	3.8778038	15.162564
4275.0	3.4738102	1.0	1.270976	2.002868	3.8421195	15.376687
4325.0	3.49925	1.0	1.2748319	2.003726	3.8515065	15.59462
4375.0	3.5194147	1.0	1.2673426	2.000292	3.8367338	15.731338
4425.0	3.5156672	1.0	1.2741246	2.0106387	3.8076458	15.744835
4475.0	3.5102382	1.0	1.2706566	2.018631	3.8289776	15.648996
4525.0	3.512394	1.0	1.2630882	2.0258536	3.8734648	15.5322485
4575.0	3.5053241	1.0	1.2643543	2.0450535	3.8703349	15.388217
4625.0	3.5173616	1.0	1.2770526	2.0731268	3.8890543	15.455146
4675.0	3.536088	1.0	1.2633611	2.0724864	3.9008186	15.582876
4725.0	3.554762	1.0	1.2567395	2.0609953	3.9056816	15.748965
4775.0	3.5766742	1.0	1.2510775	2.0436056	3.9310546	15.955684
4825.0	3.6082163	1.0	1.2452285	2.0358663	3.9455867	16.196156
4875.0	3.636786	1.0	1.2318233	2.03476	3.9632614	16.368174
4925.0	3.6650329	1.0	1.2590272	2.0472999	3.974263	16.454185
4975.0	3.697345	1.0	1.2796264	2.0606072	4.0045805	16.586027
5025.0	3.7144895	1.0	1.2964126	2.0725756	3.9941185	16.612656
5075.0	3.7374744	1.0	1.3060619	2.1004217	4.0321093	16.6834
5125.0	3.7522073	1.0	1.3214338	2.0999415	4.1016955	16.672493
5175.0	3.7824385	1.0	1.3065279	2.0914412	4.2289724	16.859428
5225.0	3.8286161	1.0	1.3059021	2.0808015	4.3617544	17.141161
5275.0	3.8650763	1.0	1.3063414	2.058671	4.4456096	17.395523
5325.0	3.9192753	1.0	1.2908432	2.0305116	4.4914055	17.748169
5375.0	3.971461	1.0	1.2746645	2.0109727	4.496209	18.175888
5425.0	4.0129294	1.0	1.2698102	2.0094352	4.4710245	18.56135
5475.0	4.0435486	1.0	1.2531319	2.028226	4.420038	18.808908
5525.0	4.0774045	1.0	1.2538986	2.06994	4.382282	19.060373
5575.0	4.0662575	1.0	1.270664	2.1148398	4.383655	19.005499
5625.0	4.0637894	1.0	1.2985327	2.1458874	4.3770742	18.901142
5675.0	4.055284	1.0	1.309591	2.151321	4.3430915	18.67706
5725.0	4.037955	1.0	1.311777	2.1636736	4.2907495	18.516254
5775.0	4.0399766	1.0	1.2962188	2.1383975	4.260035	18.494003
5825.0	4.0537953	1.0	1.3005393	2.0962863	4.2101603	18.570797
5875.0	4.0568237	1.0	1.287369	2.0833466	4.194556	18.581278
5925.0	4.0480146	1.0	1.294665	2.0629525	4.2393055	18.442486
5975.0	4.034227	1.0	1.331778	2.03066	4.2928367	18.170595
6025.0	4.0180426	1.0	1.3465347	2.031235	4.338655	17.931528
6075.0	4.0057697	1.0	1.3258955	2.04632	4.3950796	17.74125
6125.0	4.00231	1.0	1.3265088	2.0169663	4.4240513	17.70518
6175.0	4.0131493	1.0	1.3307503	2.0083544	4.411248	17.818016
6225.0	4.0331798	1.0	1.3069093	2.0068798	4.445384	18.036938
6275.0	4.0415225	1.0	1.2948718	2.0108154	4.468411	18.190298
6325.0	4.0479126	1.0	1.2931589	1.9957064	4.4764423	18.360497
6375.0	4.0595512	1.0	1.2921102	2.0255919	4.4957385	18.534986
6425.0	4.0666413	1.0	1.2713836	2.0365317	4.5174623	18.69071
6475.0	4.053509	1.0	1.2569925	2.028702	4.4827614	18.717436
6525.0	4.041134	1.0	1.271771	2.012201	4.4500537	18.674356
6575.0	4.029681	1.0	1.2857085	2.001299	4.429338	18.607964
6625.0	4.01585	1.0	1.2796665	1.9820012	4.3996835	18.475658
6675.0	3.9962153	1.0	1.2963791	1.9804144	4.3721986	18.303913
6725.0	3.998371	1.0	1.315665	1.978778	4.357893	18.229036
6775.0	4.008512	1.0	1.3129169	1.9873132	4.3600345	18.230867
6825.0	4.024615	1.0	1.3300894	2.0016012	4.3852124	18.258886
6875.0	4.016111	1.0	1.3466549	1.9960457	4.372502	18.166693
6925.0	4.02601	1.0	1.3432533	2.002181	4.377329	18.260426
6975.0	4.034779	1.0	1.3389133	2.0262666	4.400152	18.306332
7025.0	4.0307145	1.0	1.3395066	2.032087	4.446606	18.222254
7075.0	4.0206065	1.0	1.3176327	2.0431926	4.4834337	18.119738
7125.0	4.0121303	1.0	1.312211	2.0576284	4.5308137	17.99553
7175.0	3.9877048	1.0	1.3017209	2.0578258	4.5468884	17.731083
7225.0	3.9657257	1.0	1.3040348	2.0306473	4.5389357	17.616999
7275.0	3.942565	1.0	1.2838607	2.009112	4.505001	17.578747
7325.0	3.932083	1.0	1.3000073	2.0026288	4.4485836	17.551952
7375.0	3.9291432	1.0	1.2849022	1.9829396	4.4402356	17.56379
7425.0	3.932194	1.0	1.2789929	1.95814	4.447508	17.5513
7475.0	3.948967	1.0	1.277839	1.966726	4.4719324	17.550196
7525.0	3.9780111	1.0	1.2909443	1.9933312	4.482004	17.590176
7575.0	4.009126	1.0	1.2964656	1.9811878	4.48348	17.747257
7625.0	4.0524898	1.0	1.3096561	2.001087	4.464713	18.06661
7675.0	4.0940843	1.0	1.3134439	2.0234804	4.4743233	18.417564
7725.0	4.119017	1.0	1.3113582	2.037887	4.450998	18.664154
7775.0	4.129086	1.0	1.3024939	2.0290349	4.4270515	18.821638
7825.0	4.1058307	1.0	1.3029344	2.031039	4.419721	18.684933
7875.0	4.082932	1.0	1.2909906	2.02382	4.4414406	18.491106
7925.0	4.0641503	1.0	1.2983526	2.0204082	4.42518	18.453894
7975.0	4.040575	1.0	1.2978722	2.0196998	4.428016	18.387674
8025.0	4.036308	1.0	1.3000008	2.0191793	4.440237	18.487331
8075.0	4.0422626	1.0	1.2838746	2.014606	4.4561048	18.661766
8125.0	4.034616	1.0	1.288202	2.0089467	4.445368	18.713577
8175.0	4.0169487	1.0	1.28815	2.0025263	4.446654	18.506681
8225.0	3.9913714	1.0	1.2782464	1.9995067	4.449569	18.26576
8275.0	3.9539788	1.0	1.2839136	1.9889661	4.492318	17.860594
8325.0	3.9325716	1.0	1.2706628	1.9852473	4.524206	17.582212
8375.0	3.9219043	1.0	1.2599069	1.9989543	4.519387	17.460144
8425.0	3.926409	1.0	1.2777523	2.0022593	4.502362	17.509094
8475.0	3.9397	1.0	1.2823207	1.9858876	4.48693	17.57437
8525.0	3.947546	1.0	1.2873623	1.9835676	4.4226336	17.644371
8575.0	3.9403622	1.0	1.3009002	2.0159614	4.36546	17.554663
8625.0	3.9400978	1.0	1.3231615	2.0305269	4.354344	17.43362
8675.0	3.938928	1.0	1.3156781	2.054776	4.3411837	17.279898
8725.0	3.9349756	1.0	1.3314639	2.0776205	4.292815	17.15823
8775.0	3.9447577	1.0	1.3521771	2.119687	4.282184	17.098074
8825.0	3.9490337	1.0	1.3802335	2.1459134	4.2609377	17.030378
8875.0	3.941665	1.0	1.3913832	2.156472	4.2275066	16.955927
8925.0	3.921863	1.0	1.3993472	2.1614077	4.2425613	16.804068
8975.0	3.9204	1.0	1.3984265	2.1665921	4.3076797	16.748037
9025.0	3.9136503	1.0	1.3760928	2.165806	4.3419213	16.74184
9075.0	3.9125264	1.0	1.3578395	2.1649404	4.339755	16.722185
9125.0	3.918668	1.0	1.3399738	2.165728	4.3646674	16.698524
9175.0	3.928692	1.0	1.3340173	2.1592138	4.3636174	16.718716
9225.0	3.928342	1.0	1.3333582	2.160839	4.3687997	16.658865
9275.0	3.9453697	1.0	1.3269147	2.1479142	4.4156046	16.641768
9325.0	3.9620008	1.0	1.3354923	2.12452	4.4805236	16.67447
9375.0	3.9718874	1.0	1.3504765	2.115397	4.5303087	16.590797
9425.0	3.973268	1.0	1.3405406	2.1331606	4.584858	16.416977
9475.0	3.971315	1.0	1.3397676	2.1666796	4.58933	16.283411
9525.0	3.9558773	1.0	1.3723451	2.1742394	4.549794	16.056414
9575.0	3.9623318	1.0	1.3860493	2.1809402	4.59338	15.91934
9625.0	3.9624844	1.0	1.3962258	2.1903749	4.6574626	15.795496
9675.0	3.985741	1.0	1.4228547	2.192593	4.735445	15.808697
9725.0	4.0043454	1.0	1.4492636	2.207421	4.827059	15.658487
9775.0	4.0125465	1.0	1.4522575	2.2487404	4.914769	15.4049425
9825.0	3.9987264	1.0	1.433831	2.3106666	4.956498	15.066213
9875.0	3.9992926	1.0	1.4363989	2.4007936	4.9608016	14.750783
9925.0	3.9816983	1.0	1.4479227	2.4707003	4.98917	14.314154
9975.0	3.972663	1.0	1.4429667	2.5081482	5.0192833	14.018661
