motif_counts	orientation_pattern	spacing	log2_fc_vs_baseline_mean	log2_fc_vs_baseline_std	log2_fc_vs_baseline_sem	log2_fc_vs_single_mean	log2_fc_vs_single_std	log2_fc_vs_single_sem	mean_prediction_mean	mean_prediction_std	mean_prediction_sem
2	++	0	0.606	0.0157	0.007	0.4029	0.0107	0.0048	1.5075	0.1085	0.0485
2	++	1	0.4111	0.0322	0.0144	0.2079	0.0235	0.0105	1.3724	0.1198	0.0536
2	++	2	0.3348	0.0156	0.007	0.1317	0.0202	0.009	1.3195	0.0994	0.0445
2	++	3	0.4945	0.0389	0.0174	0.2914	0.029	0.013	1.4302	0.1238	0.0554
2	++	4	0.4159	0.019	0.0085	0.2127	0.0123	0.0055	1.3757	0.1142	0.0511
2	++	5	0.3747	0.0269	0.012	0.1716	0.0198	0.0089	1.3471	0.1157	0.0517
2	++	6	0.3537	0.0173	0.0077	0.1505	0.0086	0.0038	1.3326	0.114	0.051
2	++	7	0.3948	0.0332	0.0148	0.1917	0.0239	0.0107	1.3611	0.122	0.0545
2	++	8	0.3154	0.0213	0.0095	0.1122	0.013	0.0058	1.306	0.1168	0.0522
2	++	9	0.3158	0.0332	0.0148	0.1127	0.0226	0.0101	1.3064	0.1214	0.0543
2	++	10	0.3382	0.0172	0.0077	0.1351	0.0089	0.004	1.3219	0.1131	0.0506
2	++	11	0.3172	0.0199	0.0089	0.114	0.0119	0.0053	1.3073	0.1157	0.0517
2	++	12	0.339	0.0254	0.0114	0.1359	0.0146	0.0065	1.3224	0.1197	0.0535
2	++	13	0.3457	0.0231	0.0103	0.1425	0.0124	0.0055	1.327	0.1161	0.0519
2	++	14	0.3458	0.0295	0.0132	0.1427	0.0189	0.0084	1.3271	0.1225	0.0548
2	++	15	0.3567	0.0194	0.0087	0.1536	0.0082	0.0037	1.3347	0.115	0.0514
2	++	16	0.3643	0.0245	0.011	0.1612	0.0138	0.0062	1.3399	0.1185	0.053
2	++	17	0.3868	0.0202	0.009	0.1837	0.0107	0.0048	1.3555	0.1142	0.0511
2	++	18	0.3811	0.0203	0.0091	0.178	0.0091	0.0041	1.3516	0.1162	0.052
2	++	19	0.3988	0.0224	0.01	0.1957	0.0121	0.0054	1.3639	0.1175	0.0526
2	++	20	0.389	0.0259	0.0116	0.1859	0.0154	0.0069	1.3571	0.1199	0.0536
2	++	21	0.4005	0.028	0.0125	0.1974	0.0172	0.0077	1.365	0.1204	0.0538
2	++	22	0.3965	0.0196	0.0088	0.1934	0.0087	0.0039	1.3623	0.1159	0.0518
2	++	23	0.4084	0.0213	0.0095	0.2052	0.0107	0.0048	1.3705	0.117	0.0523
2	++	24	0.3877	0.0185	0.0083	0.1846	0.0077	0.0034	1.3562	0.1149	0.0514
2	++	25	0.432	0.0238	0.0107	0.2289	0.0123	0.0055	1.3869	0.1183	0.0529
2	++	26	0.402	0.0212	0.0095	0.1989	0.0102	0.0046	1.3661	0.1172	0.0524
2	++	27	0.4177	0.0211	0.0094	0.2146	0.0106	0.0048	1.3769	0.1171	0.0524
2	++	28	0.3899	0.0179	0.008	0.1868	0.0065	0.0029	1.3577	0.1147	0.0513
2	++	29	0.4172	0.0259	0.0116	0.214	0.0153	0.0068	1.3766	0.1178	0.0527
2	++	30	0.3928	0.0188	0.0084	0.1896	0.0071	0.0032	1.3597	0.1151	0.0515
2	++	31	0.409	0.0226	0.0101	0.2059	0.0114	0.0051	1.371	0.1179	0.0527
2	++	32	0.3935	0.0193	0.0086	0.1904	0.0085	0.0038	1.3602	0.1156	0.0517
2	++	33	0.4166	0.0245	0.011	0.2135	0.0132	0.0059	1.3762	0.118	0.0528
2	++	34	0.3928	0.0183	0.0082	0.1896	0.0075	0.0033	1.3597	0.1151	0.0515
2	++	35	0.4177	0.0218	0.0098	0.2146	0.0113	0.0051	1.377	0.1176	0.0526
2	++	36	0.393	0.0189	0.0085	0.1899	0.0078	0.0035	1.3598	0.1153	0.0516
2	++	37	0.4255	0.0273	0.0122	0.2224	0.0158	0.0071	1.3824	0.1195	0.0534
2	++	38	0.4041	0.0195	0.0087	0.201	0.0078	0.0035	1.3676	0.1156	0.0517
2	++	39	0.445	0.0243	0.0108	0.2419	0.0132	0.0059	1.3959	0.1186	0.053
2	++	40	0.4072	0.0198	0.0088	0.2041	0.0084	0.0038	1.3697	0.1155	0.0517
2	++	41	0.4429	0.0257	0.0115	0.2398	0.0142	0.0063	1.3944	0.119	0.0532
2	++	42	0.4273	0.0223	0.01	0.2242	0.0108	0.0049	1.3836	0.1173	0.0525
2	++	43	0.4215	0.0219	0.0098	0.2184	0.0109	0.0049	1.3796	0.1174	0.0525
2	++	44	0.3909	0.0215	0.0096	0.1878	0.0103	0.0046	1.3584	0.1165	0.0521
2	++	45	0.432	0.0284	0.0127	0.2288	0.017	0.0076	1.3868	0.1205	0.0539
2	++	46	0.4117	0.0237	0.0106	0.2086	0.0121	0.0054	1.3728	0.1184	0.053
2	++	47	0.4263	0.0264	0.0118	0.2232	0.015	0.0067	1.3829	0.1201	0.0537
2	++	48	0.3986	0.0213	0.0095	0.1955	0.0105	0.0047	1.3638	0.1159	0.0518
2	++	49	0.4229	0.0263	0.0118	0.2198	0.0152	0.0068	1.3806	0.1191	0.0533
2	++	50	0.4084	0.0217	0.0097	0.2053	0.0117	0.0052	1.3705	0.1169	0.0523
2	+-	0	0.3237	0.0414	0.0185	0.1206	0.0322	0.0144	1.3118	0.1263	0.0565
2	+-	1	0.2792	0.0187	0.0084	0.0761	0.0196	0.0088	1.281	0.106	0.0474
2	+-	2	0.4742	0.0518	0.0232	0.2711	0.042	0.0188	1.4162	0.1318	0.0589
2	+-	3	0.3744	0.0276	0.0124	0.1713	0.025	0.0112	1.347	0.1141	0.051
2	+-	4	0.4556	0.0345	0.0154	0.2525	0.026	0.0116	1.4032	0.1214	0.0543
2	+-	5	0.3645	0.0277	0.0124	0.1614	0.017	0.0076	1.3401	0.1185	0.053
2	+-	6	0.407	0.0233	0.0104	0.2039	0.024	0.0108	1.3696	0.1034	0.0462
2	+-	7	0.405	0.0201	0.009	0.2019	0.0107	0.0048	1.3682	0.1163	0.052
2	+-	8	0.3886	0.0224	0.01	0.1855	0.0145	0.0065	1.3568	0.1158	0.0518
2	+-	9	0.3813	0.0201	0.009	0.1782	0.0123	0.0055	1.3518	0.1148	0.0513
2	+-	10	0.375	0.024	0.0107	0.1719	0.0132	0.0059	1.3474	0.1179	0.0527
2	+-	11	0.3803	0.0227	0.0102	0.1771	0.0141	0.0063	1.351	0.1134	0.0507
2	+-	12	0.3854	0.0193	0.0086	0.1823	0.0084	0.0038	1.3546	0.114	0.051
2	+-	13	0.3803	0.0209	0.0093	0.1772	0.0109	0.0049	1.351	0.1168	0.0523
2	+-	14	0.401	0.0199	0.0089	0.1979	0.0106	0.0047	1.3654	0.1139	0.0509
2	+-	15	0.3787	0.0208	0.0093	0.1756	0.0097	0.0043	1.35	0.1168	0.0522
2	+-	16	0.3926	0.0209	0.0093	0.1895	0.0124	0.0055	1.3596	0.1164	0.052
2	+-	17	0.3899	0.0195	0.0087	0.1867	0.0111	0.005	1.3577	0.1157	0.0518
2	+-	18	0.3946	0.0202	0.009	0.1915	0.0096	0.0043	1.3609	0.116	0.0519
2	+-	19	0.4061	0.0197	0.0088	0.203	0.0087	0.0039	1.369	0.1149	0.0514
2	+-	20	0.406	0.0276	0.0123	0.2029	0.0161	0.0072	1.3689	0.121	0.0541
2	+-	21	0.39	0.0209	0.0094	0.1869	0.0112	0.005	1.3578	0.1168	0.0522
2	+-	22	0.4092	0.0199	0.0089	0.2061	0.0101	0.0045	1.3711	0.116	0.0519
2	+-	23	0.4008	0.0184	0.0082	0.1977	0.0074	0.0033	1.3653	0.115	0.0514
2	+-	24	0.4052	0.0246	0.011	0.2021	0.0142	0.0063	1.3683	0.1193	0.0534
2	+-	25	0.3876	0.0199	0.0089	0.1845	0.0105	0.0047	1.3561	0.1162	0.052
2	+-	26	0.3893	0.0226	0.0101	0.1862	0.0116	0.0052	1.3573	0.1178	0.0527
2	+-	27	0.3776	0.0162	0.0072	0.1745	0.0052	0.0023	1.3492	0.1129	0.0505
2	+-	28	0.3876	0.0228	0.0102	0.1845	0.012	0.0054	1.3561	0.1166	0.0521
2	+-	29	0.3843	0.0192	0.0086	0.1811	0.0075	0.0033	1.3538	0.1151	0.0515
2	+-	30	0.401	0.0233	0.0104	0.1978	0.0121	0.0054	1.3654	0.1183	0.0529
2	+-	31	0.3906	0.0159	0.0071	0.1875	0.0043	0.0019	1.3582	0.1127	0.0504
2	+-	32	0.4115	0.0232	0.0104	0.2084	0.0117	0.0052	1.3727	0.1182	0.0528
2	+-	33	0.3938	0.0194	0.0087	0.1907	0.0105	0.0047	1.3604	0.1157	0.0518
2	+-	34	0.4106	0.0212	0.0095	0.2074	0.0108	0.0048	1.372	0.1169	0.0523
2	+-	35	0.3988	0.0197	0.0088	0.1957	0.0085	0.0038	1.3638	0.1157	0.0518
2	+-	36	0.4152	0.0256	0.0114	0.2121	0.014	0.0062	1.3752	0.1193	0.0534
2	+-	37	0.4096	0.0206	0.0092	0.2065	0.0091	0.0041	1.3713	0.1166	0.0521
2	+-	38	0.4266	0.025	0.0112	0.2235	0.0145	0.0065	1.3831	0.1191	0.0532
2	+-	39	0.4175	0.02	0.009	0.2143	0.0086	0.0039	1.3768	0.1159	0.0518
2	+-	40	0.4142	0.0245	0.0109	0.211	0.0137	0.0061	1.3745	0.1189	0.0532
2	+-	41	0.3976	0.0189	0.0085	0.1945	0.0088	0.004	1.363	0.1156	0.0517
2	+-	42	0.4162	0.0247	0.0111	0.2131	0.0141	0.0063	1.3759	0.1188	0.0531
2	+-	43	0.41	0.023	0.0103	0.2069	0.0122	0.0054	1.3716	0.1168	0.0522
2	+-	44	0.4113	0.0266	0.0119	0.2082	0.0151	0.0067	1.3725	0.1194	0.0534
2	+-	45	0.4009	0.022	0.0099	0.1978	0.0108	0.0048	1.3653	0.1166	0.0521
2	+-	46	0.4067	0.0266	0.0119	0.2036	0.0153	0.0069	1.3694	0.1204	0.0538
2	+-	47	0.3958	0.0198	0.0089	0.1927	0.0082	0.0037	1.3618	0.1159	0.0518
2	+-	48	0.3937	0.0224	0.01	0.1906	0.0114	0.0051	1.3603	0.1179	0.0527
2	+-	49	0.4031	0.021	0.0094	0.2	0.0099	0.0044	1.3668	0.1166	0.0521
2	+-	50	0.4108	0.0233	0.0104	0.2077	0.0128	0.0057	1.3722	0.1182	0.0529
2	-+	0	0.2296	0.0604	0.027	0.0264	0.0597	0.0267	1.2466	0.1169	0.0523
2	-+	1	0.3361	0.0097	0.0044	0.133	0.0198	0.0088	1.3204	0.0996	0.0445
2	-+	2	0.2535	0.0406	0.0182	0.0503	0.0316	0.0141	1.2631	0.1221	0.0546
2	-+	3	0.3327	0.0357	0.016	0.1296	0.0402	0.018	1.3181	0.0924	0.0413
2	-+	4	0.369	0.0479	0.0214	0.1658	0.0429	0.0192	1.3432	0.1231	0.0551
2	-+	5	0.3446	0.0373	0.0167	0.1414	0.0378	0.0169	1.3263	0.1039	0.0464
2	-+	6	0.222	0.0249	0.0111	0.0189	0.0194	0.0087	1.2413	0.1165	0.0521
2	-+	7	0.2458	0.0329	0.0147	0.0426	0.0244	0.0109	1.2578	0.1217	0.0544
2	-+	8	0.324	0.0398	0.0178	0.1209	0.0318	0.0142	1.312	0.1255	0.0561
2	-+	9	0.3536	0.0244	0.0109	0.1505	0.0231	0.0103	1.3325	0.1068	0.0478
2	-+	10	0.2557	0.0448	0.02	0.0526	0.034	0.0152	1.2647	0.1318	0.0589
2	-+	11	0.3234	0.0289	0.0129	0.1203	0.0183	0.0082	1.3116	0.121	0.0541
2	-+	12	0.2642	0.0256	0.0114	0.0611	0.0145	0.0065	1.2706	0.1192	0.0533
2	-+	13	0.3085	0.031	0.0139	0.1054	0.0213	0.0095	1.3013	0.1234	0.0552
2	-+	14	0.2929	0.021	0.0094	0.0898	0.0105	0.0047	1.2905	0.1149	0.0514
2	-+	15	0.3488	0.0321	0.0143	0.1456	0.0219	0.0098	1.3292	0.1233	0.0552
2	-+	16	0.3426	0.0207	0.0093	0.1395	0.0098	0.0044	1.3249	0.115	0.0514
2	-+	17	0.3592	0.0255	0.0114	0.1561	0.0156	0.007	1.3364	0.1194	0.0534
2	-+	18	0.3656	0.028	0.0125	0.1625	0.0188	0.0084	1.3409	0.1189	0.0532
2	-+	19	0.3845	0.0266	0.0119	0.1813	0.0159	0.0071	1.3539	0.1195	0.0534
2	-+	20	0.384	0.031	0.0139	0.1809	0.0205	0.0092	1.3536	0.1218	0.0545
2	-+	21	0.3838	0.0243	0.0109	0.1807	0.0137	0.0061	1.3535	0.1192	0.0533
2	-+	22	0.3943	0.0307	0.0137	0.1912	0.0198	0.0089	1.3607	0.1217	0.0544
2	-+	23	0.3914	0.0223	0.01	0.1883	0.0115	0.0052	1.3587	0.1179	0.0527
2	-+	24	0.4093	0.0236	0.0106	0.2062	0.0129	0.0058	1.3712	0.1175	0.0526
2	-+	25	0.4198	0.0219	0.0098	0.2167	0.0112	0.005	1.3784	0.1176	0.0526
2	-+	26	0.433	0.0263	0.0118	0.2299	0.0151	0.0068	1.3876	0.1189	0.0532
2	-+	27	0.4003	0.0195	0.0087	0.1972	0.0088	0.0039	1.3649	0.116	0.0519
2	-+	28	0.4352	0.0227	0.0102	0.2321	0.0114	0.0051	1.3891	0.1171	0.0524
2	-+	29	0.4096	0.024	0.0107	0.2065	0.0142	0.0063	1.3714	0.119	0.0532
2	-+	30	0.4357	0.0267	0.0119	0.2325	0.0162	0.0073	1.3894	0.1195	0.0535
2	-+	31	0.3914	0.02	0.0089	0.1883	0.0102	0.0045	1.3587	0.1163	0.052
2	-+	32	0.4231	0.0213	0.0095	0.22	0.0106	0.0047	1.3807	0.1162	0.052
2	-+	33	0.384	0.0162	0.0073	0.1809	0.0051	0.0023	1.3536	0.1137	0.0508
2	-+	34	0.4391	0.0261	0.0117	0.236	0.0167	0.0074	1.3918	0.1163	0.052
2	-+	35	0.3966	0.0145	0.0065	0.1935	0.0032	0.0014	1.3624	0.1121	0.0501
2	-+	36	0.4199	0.0247	0.011	0.2167	0.0131	0.0058	1.3785	0.1185	0.053
2	-+	37	0.3898	0.0202	0.009	0.1867	0.0105	0.0047	1.3577	0.1163	0.052
2	-+	38	0.4391	0.0257	0.0115	0.2359	0.0141	0.0063	1.3918	0.1192	0.0533
2	-+	39	0.4114	0.0185	0.0083	0.2083	0.0087	0.0039	1.3726	0.1152	0.0515
2	-+	40	0.4559	0.0248	0.0111	0.2528	0.0136	0.0061	1.4035	0.118	0.0528
2	-+	41	0.4236	0.0194	0.0087	0.2205	0.0077	0.0035	1.3811	0.1156	0.0517
2	-+	42	0.4568	0.0317	0.0142	0.2537	0.0206	0.0092	1.404	0.122	0.0545
2	-+	43	0.3874	0.019	0.0085	0.1843	0.0075	0.0034	1.356	0.1152	0.0515
2	-+	44	0.4299	0.0247	0.011	0.2268	0.0131	0.0058	1.3854	0.1183	0.0529
2	-+	45	0.419	0.0229	0.0103	0.2159	0.0121	0.0054	1.3779	0.1184	0.0529
2	-+	46	0.4434	0.0278	0.0124	0.2403	0.0168	0.0075	1.3948	0.1202	0.0538
2	-+	47	0.4012	0.019	0.0085	0.1981	0.0081	0.0036	1.3655	0.1153	0.0516
2	-+	48	0.4486	0.0271	0.0121	0.2455	0.016	0.0072	1.3984	0.1193	0.0534
2	-+	49	0.4196	0.0226	0.0101	0.2165	0.0122	0.0055	1.3783	0.117	0.0523
2	-+	50	0.4529	0.0307	0.0137	0.2498	0.0206	0.0092	1.4014	0.1203	0.0538
3	+++	0	0.9457	0.0556	0.0248	0.7425	0.056	0.025	1.7429	0.1028	0.046
3	+++	1	0.5379	0.0605	0.0271	0.3347	0.0491	0.0219	1.4602	0.1426	0.0638
3	+++	2	0.4294	0.0442	0.0198	0.2263	0.0481	0.0215	1.3851	0.0913	0.0408
3	+++	3	0.6398	0.0364	0.0163	0.4367	0.0262	0.0117	1.5309	0.1237	0.0553
3	+++	4	0.5825	0.0272	0.0122	0.3794	0.021	0.0094	1.4912	0.1156	0.0517
3	+++	5	0.477	0.0287	0.0128	0.2739	0.0223	0.01	1.4181	0.1157	0.0518
3	+++	6	0.4854	0.0202	0.009	0.2823	0.0128	0.0057	1.4239	0.1153	0.0515
3	+++	7	0.5376	0.0515	0.023	0.3344	0.0434	0.0194	1.46	0.131	0.0586
3	+++	8	0.4571	0.042	0.0188	0.254	0.0339	0.0152	1.4043	0.1294	0.0579
3	+++	9	0.3991	0.0416	0.0186	0.196	0.0307	0.0137	1.3641	0.1271	0.0569
3	+++	10	0.471	0.0314	0.0141	0.2679	0.0233	0.0104	1.4139	0.1207	0.054
3	+++	11	0.404	0.0247	0.011	0.2009	0.018	0.008	1.3675	0.1178	0.0527
3	+++	12	0.505	0.0412	0.0184	0.3018	0.0308	0.0138	1.4374	0.1283	0.0574
3	+++	13	0.4874	0.0245	0.011	0.2843	0.0143	0.0064	1.4253	0.116	0.0519
3	+++	14	0.5237	0.0412	0.0184	0.3206	0.0302	0.0135	1.4504	0.1307	0.0585
3	+++	15	0.51	0.0236	0.0106	0.3069	0.0165	0.0074	1.4409	0.1142	0.0511
3	+++	16	0.5566	0.0373	0.0167	0.3535	0.0261	0.0117	1.4733	0.1263	0.0565
3	+++	17	0.5826	0.0214	0.0096	0.3795	0.0142	0.0063	1.4913	0.112	0.0501
3	+++	18	0.6067	0.0294	0.0131	0.4035	0.0179	0.008	1.5079	0.1218	0.0545
3	+++	19	0.5672	0.0218	0.0097	0.3641	0.0107	0.0048	1.4806	0.1175	0.0525
3	+++	20	0.6119	0.0325	0.0146	0.4088	0.0215	0.0096	1.5116	0.1238	0.0554
3	+++	21	0.6032	0.0287	0.0128	0.4001	0.0182	0.0082	1.5055	0.1198	0.0536
3	+++	22	0.6138	0.0276	0.0123	0.4107	0.0164	0.0073	1.5129	0.1211	0.0542
3	+++	23	0.6091	0.0272	0.0122	0.406	0.0169	0.0076	1.5097	0.1212	0.0542
3	+++	24	0.6166	0.0257	0.0115	0.4135	0.0147	0.0066	1.5148	0.1197	0.0535
3	+++	25	0.6352	0.0251	0.0112	0.4321	0.0137	0.0061	1.5278	0.1186	0.053
3	+++	26	0.6202	0.0258	0.0116	0.417	0.0151	0.0067	1.5173	0.1203	0.0538
3	+++	27	0.6367	0.0276	0.0123	0.4336	0.0169	0.0076	1.5288	0.1214	0.0543
3	+++	28	0.6223	0.0258	0.0115	0.4192	0.0145	0.0065	1.5188	0.1197	0.0535
3	+++	29	0.6489	0.0278	0.0124	0.4457	0.0169	0.0076	1.5372	0.1194	0.0534
3	+++	30	0.6487	0.0264	0.0118	0.4456	0.0147	0.0066	1.5371	0.1201	0.0537
3	+++	31	0.6486	0.0288	0.0129	0.4455	0.0176	0.0079	1.537	0.1218	0.0545
3	+++	32	0.6108	0.0252	0.0113	0.4076	0.0146	0.0065	1.5108	0.1173	0.0525
3	+++	33	0.642	0.0282	0.0126	0.4389	0.0173	0.0077	1.5325	0.1195	0.0534
3	+++	34	0.6259	0.0253	0.0113	0.4228	0.0137	0.0061	1.5213	0.1196	0.0535
3	+++	35	0.6565	0.0289	0.0129	0.4534	0.0176	0.0079	1.5425	0.1217	0.0544
3	+++	36	0.5982	0.0282	0.0126	0.3951	0.0172	0.0077	1.5021	0.1205	0.0539
3	+++	37	0.6401	0.0312	0.0139	0.437	0.02	0.0089	1.5311	0.122	0.0546
3	+++	38	0.6179	0.0278	0.0125	0.4148	0.0162	0.0072	1.5158	0.1208	0.054
3	+++	39	0.65	0.0348	0.0156	0.4469	0.0234	0.0104	1.538	0.1254	0.0561
3	+++	40	0.615	0.028	0.0125	0.4119	0.0172	0.0077	1.5137	0.1204	0.0539
3	+++	41	0.6457	0.0338	0.0151	0.4425	0.0222	0.0099	1.535	0.1241	0.0555
3	+++	42	0.607	0.0262	0.0117	0.4039	0.0156	0.007	1.5082	0.1195	0.0534
3	+++	43	0.648	0.0285	0.0127	0.4449	0.0176	0.0079	1.5366	0.1216	0.0544
3	+++	44	0.6194	0.0278	0.0124	0.4163	0.0175	0.0078	1.5168	0.1201	0.0537
3	+++	45	0.6473	0.0317	0.0142	0.4441	0.021	0.0094	1.5361	0.1213	0.0542
3	+++	46	0.6047	0.0224	0.01	0.4015	0.0118	0.0053	1.5066	0.1159	0.0518
3	+++	47	0.6296	0.0319	0.0143	0.4265	0.0208	0.0093	1.5238	0.123	0.055
3	+++	48	0.6077	0.0284	0.0127	0.4046	0.017	0.0076	1.5086	0.1212	0.0542
3	+++	49	0.6344	0.0293	0.0131	0.4313	0.0182	0.0081	1.5272	0.121	0.0541
3	+++	50	0.606	0.0273	0.0122	0.4029	0.0161	0.0072	1.5075	0.12	0.0537
3	++-	0	0.6418	0.062	0.0277	0.4387	0.0505	0.0226	1.5323	0.1421	0.0635
3	++-	1	0.5035	0.0323	0.0145	0.3004	0.029	0.013	1.4364	0.1152	0.0515
3	++-	2	0.5645	0.0433	0.0193	0.3614	0.0346	0.0155	1.4787	0.1232	0.0551
3	++-	3	0.6315	0.053	0.0237	0.4283	0.0433	0.0194	1.5251	0.1321	0.0591
3	++-	4	0.6497	0.041	0.0183	0.4466	0.0325	0.0145	1.5378	0.1266	0.0566
3	++-	5	0.5347	0.0393	0.0176	0.3316	0.0315	0.0141	1.4581	0.1207	0.054
3	++-	6	0.5499	0.0235	0.0105	0.3468	0.0254	0.0114	1.4686	0.1038	0.0464
3	++-	7	0.5899	0.0316	0.0141	0.3868	0.0209	0.0093	1.4963	0.122	0.0546
3	++-	8	0.5079	0.0331	0.0148	0.3048	0.0256	0.0115	1.4395	0.123	0.055
3	++-	9	0.4941	0.0317	0.0142	0.291	0.0208	0.0093	1.4299	0.1218	0.0545
3	++-	10	0.4924	0.0281	0.0126	0.2893	0.0187	0.0084	1.4287	0.1203	0.0538
3	++-	11	0.4693	0.0205	0.0092	0.2661	0.0118	0.0053	1.4127	0.1132	0.0506
3	++-	12	0.5235	0.0268	0.012	0.3204	0.0164	0.0073	1.4503	0.1186	0.0531
3	++-	13	0.539	0.0217	0.0097	0.3359	0.0118	0.0053	1.461	0.1158	0.0518
3	++-	14	0.5611	0.0267	0.0119	0.3579	0.0174	0.0078	1.4763	0.1202	0.0537
3	++-	15	0.5573	0.0199	0.0089	0.3542	0.0102	0.0046	1.4738	0.1141	0.051
3	++-	16	0.5686	0.0277	0.0124	0.3655	0.018	0.008	1.4816	0.1207	0.054
3	++-	17	0.5995	0.0188	0.0084	0.3964	0.0074	0.0033	1.503	0.1152	0.0515
3	++-	18	0.5816	0.0214	0.0096	0.3785	0.0115	0.0051	1.4906	0.1171	0.0524
3	++-	19	0.5997	0.0253	0.0113	0.3966	0.0143	0.0064	1.5031	0.1186	0.053
3	++-	20	0.5951	0.0282	0.0126	0.392	0.0166	0.0074	1.4999	0.1215	0.0544
3	++-	21	0.6031	0.0234	0.0104	0.4	0.0121	0.0054	1.5055	0.1182	0.0529
3	++-	22	0.6102	0.025	0.0112	0.407	0.0149	0.0066	1.5104	0.1196	0.0535
3	++-	23	0.6213	0.0265	0.0118	0.4182	0.0153	0.0068	1.5181	0.1208	0.054
3	++-	24	0.6342	0.031	0.0139	0.431	0.0207	0.0093	1.527	0.1237	0.0553
3	++-	25	0.6315	0.0251	0.0112	0.4283	0.0143	0.0064	1.5251	0.1194	0.0534
3	++-	26	0.6257	0.0263	0.0118	0.4226	0.0168	0.0075	1.5211	0.1204	0.0539
3	++-	27	0.6218	0.0289	0.0129	0.4187	0.0176	0.0079	1.5184	0.1213	0.0542
3	++-	28	0.6263	0.0329	0.0147	0.4232	0.0213	0.0095	1.5216	0.1248	0.0558
3	++-	29	0.6419	0.0271	0.0121	0.4388	0.0155	0.0069	1.5324	0.1202	0.0537
3	++-	30	0.6411	0.0302	0.0135	0.438	0.0186	0.0083	1.5318	0.1224	0.0547
3	++-	31	0.6304	0.0285	0.0127	0.4273	0.017	0.0076	1.5244	0.1206	0.0539
3	++-	32	0.61	0.0293	0.0131	0.4069	0.0176	0.0079	1.5103	0.1221	0.0546
3	++-	33	0.6521	0.0256	0.0114	0.449	0.0138	0.0062	1.5394	0.1195	0.0534
3	++-	34	0.6195	0.0298	0.0133	0.4164	0.0183	0.0082	1.5169	0.1224	0.0547
3	++-	35	0.6415	0.0268	0.012	0.4383	0.0155	0.0069	1.5321	0.1196	0.0535
3	++-	36	0.6189	0.0312	0.0139	0.4158	0.0198	0.0089	1.5164	0.1227	0.0549
3	++-	37	0.6326	0.0285	0.0127	0.4294	0.0169	0.0076	1.5259	0.1212	0.0542
3	++-	38	0.6265	0.0314	0.014	0.4234	0.0201	0.009	1.5217	0.1227	0.0549
3	++-	39	0.6492	0.0326	0.0146	0.4461	0.021	0.0094	1.5374	0.1238	0.0554
3	++-	40	0.6209	0.0331	0.0148	0.4178	0.0216	0.0096	1.5178	0.1246	0.0557
3	++-	41	0.6344	0.0338	0.0151	0.4313	0.0223	0.01	1.5272	0.1242	0.0555
3	++-	42	0.6258	0.0292	0.0131	0.4227	0.0178	0.008	1.5212	0.1217	0.0544
3	++-	43	0.6486	0.0284	0.0127	0.4455	0.0173	0.0077	1.537	0.1213	0.0543
3	++-	44	0.6359	0.0353	0.0158	0.4328	0.0241	0.0108	1.5282	0.1252	0.056
3	++-	45	0.649	0.035	0.0156	0.4459	0.024	0.0107	1.5373	0.1242	0.0555
3	++-	46	0.6295	0.0311	0.0139	0.4264	0.0203	0.0091	1.5238	0.1217	0.0544
3	++-	47	0.6521	0.0301	0.0135	0.449	0.0191	0.0085	1.5395	0.1212	0.0542
3	++-	48	0.616	0.0311	0.0139	0.4129	0.0194	0.0087	1.5144	0.1232	0.0551
3	++-	49	0.65	0.0323	0.0144	0.4469	0.0213	0.0095	1.538	0.1229	0.055
3	++-	50	0.6182	0.0356	0.0159	0.4151	0.0245	0.011	1.5159	0.125	0.0559
3	+-+	0	0.2933	0.0473	0.0211	0.0902	0.0458	0.0205	1.2907	0.1106	0.0494
3	+-+	1	0.408	0.0313	0.014	0.2049	0.0362	0.0162	1.3702	0.102	0.0456
3	+-+	2	0.4431	0.0846	0.0379	0.2399	0.0743	0.0332	1.3945	0.1512	0.0676
3	+-+	3	0.4257	0.0271	0.0121	0.2226	0.0327	0.0146	1.3825	0.0998	0.0446
3	+-+	4	0.5326	0.0604	0.027	0.3294	0.0543	0.0243	1.4566	0.1308	0.0585
3	+-+	5	0.4898	0.0531	0.0237	0.2867	0.0494	0.0221	1.4269	0.1141	0.051
3	+-+	6	0.3869	0.0107	0.0048	0.1838	0.0029	0.0013	1.3556	0.1099	0.0492
3	+-+	7	0.4437	0.048	0.0214	0.2406	0.0398	0.0178	1.395	0.1305	0.0584
3	+-+	8	0.4811	0.0464	0.0208	0.278	0.0377	0.0168	1.4209	0.1308	0.0585
3	+-+	9	0.5229	0.017	0.0076	0.3198	0.0105	0.0047	1.4499	0.1108	0.0496
3	+-+	10	0.4138	0.048	0.0215	0.2106	0.0374	0.0167	1.3742	0.1341	0.06
3	+-+	11	0.5096	0.0389	0.0174	0.3065	0.0283	0.0127	1.4407	0.1256	0.0562
3	+-+	12	0.4309	0.0324	0.0145	0.2277	0.0213	0.0095	1.3861	0.1221	0.0546
3	+-+	13	0.5033	0.042	0.0188	0.3002	0.0335	0.015	1.4363	0.1294	0.0579
3	+-+	14	0.4812	0.0243	0.0108	0.2781	0.0149	0.0066	1.421	0.1153	0.0516
3	+-+	15	0.5521	0.0393	0.0176	0.349	0.0294	0.0131	1.4701	0.128	0.0572
3	+-+	16	0.5259	0.0234	0.0105	0.3227	0.0124	0.0055	1.4519	0.117	0.0523
3	+-+	17	0.5938	0.0325	0.0145	0.3907	0.0228	0.0102	1.499	0.1243	0.0556
3	+-+	18	0.5696	0.0303	0.0135	0.3665	0.0211	0.0094	1.4823	0.1202	0.0537
3	+-+	19	0.5925	0.0333	0.0149	0.3894	0.0232	0.0104	1.4981	0.1235	0.0552
3	+-+	20	0.5816	0.0372	0.0166	0.3785	0.026	0.0116	1.4906	0.1268	0.0567
3	+-+	21	0.6096	0.0342	0.0153	0.4064	0.0236	0.0106	1.5099	0.1259	0.0563
3	+-+	22	0.5922	0.0316	0.0141	0.389	0.0203	0.0091	1.4979	0.1232	0.0551
3	+-+	23	0.6078	0.0323	0.0145	0.4047	0.0223	0.01	1.5088	0.1248	0.0558
3	+-+	24	0.6072	0.0303	0.0135	0.4041	0.0196	0.0088	1.5083	0.1227	0.0549
3	+-+	25	0.6113	0.0263	0.0117	0.4081	0.0164	0.0073	1.5111	0.1205	0.0539
3	+-+	26	0.6249	0.0288	0.0129	0.4218	0.0178	0.008	1.5206	0.1214	0.0543
3	+-+	27	0.6036	0.0291	0.013	0.4005	0.0183	0.0082	1.5058	0.1223	0.0547
3	+-+	28	0.6383	0.0281	0.0126	0.4352	0.0168	0.0075	1.5299	0.1204	0.0538
3	+-+	29	0.6201	0.0291	0.013	0.4169	0.0197	0.0088	1.5172	0.1223	0.0547
3	+-+	30	0.6773	0.0348	0.0155	0.4742	0.024	0.0107	1.5569	0.125	0.0559
3	+-+	31	0.6173	0.0251	0.0112	0.4142	0.0147	0.0066	1.5153	0.1198	0.0536
3	+-+	32	0.6382	0.0291	0.013	0.435	0.0179	0.008	1.5298	0.1209	0.0541
3	+-+	33	0.6068	0.0224	0.01	0.4037	0.0129	0.0058	1.508	0.118	0.0528
3	+-+	34	0.6541	0.0351	0.0157	0.451	0.0243	0.0109	1.5408	0.1239	0.0554
3	+-+	35	0.6089	0.0265	0.0118	0.4058	0.0158	0.007	1.5095	0.1198	0.0536
3	+-+	36	0.6279	0.0362	0.0162	0.4248	0.0251	0.0112	1.5227	0.1252	0.056
3	+-+	37	0.6051	0.0265	0.0119	0.402	0.0163	0.0073	1.5068	0.1208	0.054
3	+-+	38	0.655	0.0379	0.017	0.4518	0.0268	0.012	1.5414	0.1267	0.0567
3	+-+	39	0.6062	0.0295	0.0132	0.4031	0.0182	0.0082	1.5076	0.1226	0.0549
3	+-+	40	0.6493	0.036	0.0161	0.4462	0.0253	0.0113	1.5375	0.1262	0.0564
3	+-+	41	0.6103	0.0281	0.0126	0.4072	0.0172	0.0077	1.5104	0.1217	0.0544
3	+-+	42	0.6369	0.037	0.0165	0.4338	0.0268	0.012	1.5289	0.1249	0.0559
3	+-+	43	0.6111	0.0279	0.0125	0.408	0.0173	0.0078	1.511	0.1201	0.0537
3	+-+	44	0.6447	0.0331	0.0148	0.4415	0.0227	0.0101	1.5343	0.1229	0.055
3	+-+	45	0.6163	0.0268	0.012	0.4132	0.0159	0.0071	1.5146	0.1206	0.0539
3	+-+	46	0.6364	0.0316	0.0141	0.4333	0.0214	0.0096	1.5286	0.1214	0.0543
3	+-+	47	0.5954	0.0266	0.0119	0.3923	0.016	0.0072	1.5002	0.1199	0.0536
3	+-+	48	0.6354	0.0355	0.0159	0.4323	0.0242	0.0108	1.5279	0.1264	0.0565
3	+-+	49	0.6029	0.0253	0.0113	0.3997	0.0153	0.0068	1.5053	0.1192	0.0533
3	+-+	50	0.6313	0.0378	0.0169	0.4282	0.0274	0.0122	1.5251	0.1252	0.056
4	++++	0	1.1277	0.1009	0.0451	0.9246	0.1033	0.0462	1.8691	0.098	0.0438
4	++++	1	0.5604	0.0755	0.0337	0.3573	0.0639	0.0286	1.4759	0.1544	0.069
4	++++	2	0.4684	0.0661	0.0296	0.2653	0.0684	0.0306	1.4121	0.0938	0.042
4	++++	3	0.688	0.0516	0.0231	0.4849	0.0443	0.0198	1.5643	0.1271	0.0569
4	++++	4	0.7099	0.0418	0.0187	0.5068	0.0351	0.0157	1.5795	0.1203	0.0538
4	++++	5	0.5339	0.0277	0.0124	0.3308	0.0189	0.0085	1.4575	0.1177	0.0526
4	++++	6	0.5853	0.0277	0.0124	0.3822	0.0182	0.0081	1.4932	0.1203	0.0538
4	++++	7	0.611	0.0668	0.0299	0.4079	0.0588	0.0263	1.5109	0.1395	0.0624
4	++++	8	0.5578	0.0525	0.0235	0.3547	0.045	0.0201	1.4741	0.1355	0.0606
4	++++	9	0.4715	0.0616	0.0276	0.2684	0.0509	0.0228	1.4143	0.1392	0.0623
4	++++	10	0.6092	0.0401	0.0179	0.4061	0.0326	0.0146	1.5097	0.123	0.055
4	++++	11	0.4915	0.0347	0.0155	0.2883	0.0286	0.0128	1.4281	0.1231	0.055
4	++++	12	0.6658	0.0604	0.027	0.4627	0.0499	0.0223	1.5489	0.1408	0.063
4	++++	13	0.5992	0.0341	0.0152	0.3961	0.0248	0.0111	1.5028	0.1196	0.0535
4	++++	14	0.6884	0.0588	0.0263	0.4853	0.048	0.0214	1.5646	0.1423	0.0637
4	++++	15	0.6361	0.0302	0.0135	0.4329	0.024	0.0108	1.5283	0.1153	0.0516
4	++++	16	0.7261	0.0514	0.023	0.5229	0.0412	0.0184	1.5907	0.1336	0.0597
4	++++	17	0.7215	0.0304	0.0136	0.5183	0.0271	0.0121	1.5875	0.1094	0.0489
4	++++	18	0.8002	0.042	0.0188	0.5971	0.0312	0.0139	1.6421	0.1284	0.0574
4	++++	19	0.7235	0.0227	0.0102	0.5204	0.012	0.0054	1.589	0.1178	0.0527
4	++++	20	0.7941	0.0387	0.0173	0.591	0.0285	0.0128	1.6379	0.127	0.0568
4	++++	21	0.7786	0.0345	0.0154	0.5755	0.0257	0.0115	1.6271	0.1212	0.0542
4	++++	22	0.8113	0.0365	0.0163	0.6082	0.0259	0.0116	1.6498	0.1262	0.0564
4	++++	23	0.7666	0.0249	0.0112	0.5635	0.0159	0.0071	1.6188	0.1191	0.0532
4	++++	24	0.8078	0.036	0.0161	0.6047	0.0247	0.011	1.6474	0.1263	0.0565
4	++++	25	0.8237	0.0319	0.0143	0.6206	0.0217	0.0097	1.6584	0.1223	0.0547
4	++++	26	0.83	0.0377	0.0168	0.6269	0.0263	0.0118	1.6627	0.1284	0.0574
4	++++	27	0.8149	0.0291	0.013	0.6118	0.0193	0.0087	1.6523	0.1224	0.0548
4	++++	28	0.8102	0.0339	0.0151	0.607	0.0233	0.0104	1.649	0.1245	0.0557
4	++++	29	0.8179	0.0348	0.0156	0.6148	0.0258	0.0115	1.6544	0.1201	0.0537
4	++++	30	0.7989	0.0319	0.0143	0.5958	0.0207	0.0093	1.6412	0.1239	0.0554
4	++++	31	0.8141	0.0308	0.0138	0.6109	0.0199	0.0089	1.6517	0.1238	0.0553
4	++++	32	0.7979	0.0346	0.0155	0.5948	0.024	0.0107	1.6405	0.1248	0.0558
4	++++	33	0.8326	0.0376	0.0168	0.6295	0.0276	0.0123	1.6646	0.1239	0.0554
4	++++	34	0.8197	0.0341	0.0152	0.6166	0.0232	0.0104	1.6556	0.1247	0.0558
4	++++	35	0.8094	0.0344	0.0154	0.6063	0.0231	0.0103	1.6485	0.1257	0.0562
4	++++	36	0.8038	0.037	0.0166	0.6007	0.0259	0.0116	1.6446	0.1266	0.0566
4	++++	37	0.8243	0.0419	0.0187	0.6211	0.0311	0.0139	1.6588	0.1274	0.057
4	++++	38	0.8126	0.0343	0.0153	0.6095	0.023	0.0103	1.6507	0.1243	0.0556
4	++++	39	0.8263	0.0353	0.0158	0.6232	0.0242	0.0108	1.6602	0.1254	0.0561
4	++++	40	0.7957	0.0363	0.0162	0.5926	0.0257	0.0115	1.639	0.1246	0.0557
4	++++	41	0.833	0.0374	0.0167	0.6298	0.0266	0.0119	1.6648	0.1249	0.0559
4	++++	42	0.8194	0.0351	0.0157	0.6162	0.0237	0.0106	1.6554	0.1247	0.0558
4	++++	43	0.7904	0.0345	0.0154	0.5872	0.0231	0.0103	1.6353	0.1253	0.0561
4	++++	44	0.7606	0.0362	0.0162	0.5575	0.0254	0.0113	1.6146	0.1255	0.0561
4	++++	45	0.7842	0.0462	0.0207	0.5811	0.0354	0.0158	1.631	0.1303	0.0583
4	++++	46	0.7828	0.0421	0.0188	0.5797	0.0309	0.0138	1.63	0.1294	0.0579
4	++++	47	0.7906	0.0392	0.0175	0.5875	0.0278	0.0124	1.6355	0.128	0.0572
4	++++	48	0.7884	0.0386	0.0173	0.5853	0.0289	0.0129	1.6339	0.1243	0.0556
4	++++	49	0.783	0.0407	0.0182	0.5798	0.0298	0.0133	1.6301	0.1275	0.057
4	++++	50	0.7877	0.0374	0.0167	0.5845	0.0268	0.012	1.6334	0.1265	0.0566
4	++--	0	0.9244	0.1098	0.0491	0.7213	0.0994	0.0444	1.7282	0.17	0.076
4	++--	1	0.6405	0.0457	0.0205	0.4374	0.0437	0.0196	1.5314	0.1186	0.0531
4	++--	2	0.6426	0.065	0.0291	0.4395	0.059	0.0264	1.5329	0.1271	0.0568
4	++--	3	0.82	0.093	0.0416	0.6169	0.0835	0.0374	1.6558	0.152	0.068
4	++--	4	0.8093	0.0587	0.0262	0.6062	0.0508	0.0227	1.6484	0.1369	0.0612
4	++--	5	0.6464	0.054	0.0241	0.4433	0.0482	0.0216	1.5355	0.1246	0.0557
4	++--	6	0.6481	0.0364	0.0163	0.445	0.034	0.0152	1.5366	0.114	0.051
4	++--	7	0.7369	0.0473	0.0212	0.5338	0.038	0.017	1.5982	0.1286	0.0575
4	++--	8	0.626	0.0485	0.0217	0.4229	0.0413	0.0185	1.5213	0.132	0.059
4	++--	9	0.588	0.0524	0.0234	0.3849	0.0413	0.0185	1.495	0.1342	0.06
4	++--	10	0.6225	0.0405	0.0181	0.4194	0.0331	0.0148	1.519	0.1245	0.0557
4	++--	11	0.601	0.0298	0.0133	0.3979	0.0198	0.0089	1.504	0.1193	0.0533
4	++--	12	0.6662	0.0441	0.0197	0.4631	0.0334	0.015	1.5492	0.1304	0.0583
4	++--	13	0.6711	0.03	0.0134	0.4679	0.0198	0.0089	1.5526	0.1197	0.0535
4	++--	14	0.708	0.0411	0.0184	0.5049	0.0311	0.0139	1.5782	0.1294	0.0579
4	++--	15	0.6981	0.0268	0.012	0.495	0.0169	0.0075	1.5713	0.1182	0.0529
4	++--	16	0.7108	0.0358	0.016	0.5076	0.0265	0.0118	1.5801	0.1254	0.0561
4	++--	17	0.7664	0.0256	0.0115	0.5633	0.0156	0.007	1.6186	0.1166	0.0521
4	++--	18	0.7628	0.0327	0.0146	0.5596	0.022	0.0098	1.6161	0.1247	0.0558
4	++--	19	0.77	0.0317	0.0142	0.5669	0.0216	0.0097	1.6212	0.1207	0.054
4	++--	20	0.762	0.0354	0.0158	0.5588	0.0251	0.0112	1.6156	0.1264	0.0565
4	++--	21	0.7937	0.0343	0.0154	0.5906	0.0231	0.0103	1.6376	0.1245	0.0557
4	++--	22	0.7736	0.0266	0.0119	0.5704	0.0185	0.0083	1.6236	0.1194	0.0534
4	++--	23	0.8028	0.0351	0.0157	0.5997	0.0237	0.0106	1.6439	0.1266	0.0566
4	++--	24	0.7783	0.0349	0.0156	0.5752	0.0241	0.0108	1.6269	0.1263	0.0565
4	++--	25	0.8264	0.0392	0.0175	0.6233	0.0276	0.0124	1.6603	0.1286	0.0575
4	++--	26	0.7663	0.0337	0.0151	0.5632	0.0228	0.0102	1.6186	0.1259	0.0563
4	++--	27	0.8339	0.0338	0.0151	0.6308	0.0232	0.0104	1.6655	0.1249	0.0559
4	++--	28	0.7722	0.0346	0.0155	0.569	0.0236	0.0106	1.6227	0.1253	0.056
4	++--	29	0.8408	0.0413	0.0185	0.6377	0.0311	0.0139	1.6703	0.1255	0.0561
4	++--	30	0.7865	0.028	0.0125	0.5833	0.0167	0.0075	1.6326	0.1215	0.0544
4	++--	31	0.8579	0.0382	0.0171	0.6548	0.0268	0.012	1.6821	0.127	0.0568
4	++--	32	0.7793	0.0335	0.015	0.5762	0.0222	0.0099	1.6276	0.1249	0.0558
4	++--	33	0.8392	0.0392	0.0175	0.6361	0.0279	0.0125	1.6691	0.1274	0.057
4	++--	34	0.8013	0.032	0.0143	0.5982	0.0212	0.0095	1.6429	0.1237	0.0553
4	++--	35	0.863	0.0482	0.0216	0.6599	0.0373	0.0167	1.6856	0.1327	0.0594
4	++--	36	0.787	0.0379	0.0169	0.5838	0.0265	0.0118	1.6329	0.1271	0.0569
4	++--	37	0.8682	0.0499	0.0223	0.6651	0.0392	0.0175	1.6893	0.1324	0.0592
4	++--	38	0.7978	0.0357	0.016	0.5947	0.0249	0.0111	1.6404	0.1253	0.056
4	++--	39	0.8552	0.045	0.0201	0.6521	0.0339	0.0152	1.6802	0.1316	0.0589
4	++--	40	0.7787	0.0365	0.0163	0.5755	0.0262	0.0117	1.6272	0.1254	0.0561
4	++--	41	0.8525	0.0471	0.0211	0.6493	0.0363	0.0162	1.6783	0.1309	0.0585
4	++--	42	0.7684	0.0392	0.0175	0.5652	0.0276	0.0123	1.62	0.1286	0.0575
4	++--	43	0.8636	0.0476	0.0213	0.6605	0.0366	0.0164	1.6861	0.1327	0.0594
4	++--	44	0.764	0.0377	0.0169	0.5609	0.0266	0.0119	1.617	0.1261	0.0564
4	++--	45	0.8323	0.0556	0.0249	0.6292	0.0449	0.0201	1.6644	0.1355	0.0606
4	++--	46	0.7598	0.0424	0.019	0.5567	0.0308	0.0138	1.6141	0.1303	0.0583
4	++--	47	0.8414	0.0473	0.0211	0.6383	0.0359	0.0161	1.6706	0.1335	0.0597
4	++--	48	0.764	0.0395	0.0177	0.5609	0.0285	0.0127	1.617	0.1278	0.0572
4	++--	49	0.8282	0.0535	0.0239	0.6251	0.0425	0.019	1.6615	0.1356	0.0606
4	++--	50	0.771	0.0403	0.018	0.5679	0.0287	0.0128	1.6218	0.1296	0.0579
4	+-+-	0	0.2778	0.0642	0.0287	0.0747	0.0603	0.027	1.28	0.118	0.0528
4	+-+-	1	0.427	0.05	0.0224	0.2239	0.0508	0.0227	1.3834	0.1106	0.0495
4	+-+-	2	0.5256	0.1067	0.0477	0.3225	0.0964	0.0431	1.4517	0.1648	0.0737
4	+-+-	3	0.4922	0.0419	0.0187	0.289	0.0439	0.0196	1.4286	0.1114	0.0498
4	+-+-	4	0.6588	0.0594	0.0266	0.4557	0.0536	0.024	1.5441	0.1287	0.0576
4	+-+-	5	0.5879	0.0698	0.0312	0.3847	0.0651	0.0291	1.4949	0.1223	0.0547
4	+-+-	6	0.492	0.0189	0.0085	0.2889	0.0221	0.0099	1.4285	0.1006	0.045
4	+-+-	7	0.5778	0.0551	0.0247	0.3747	0.0473	0.0211	1.4879	0.1342	0.06
4	+-+-	8	0.5906	0.0443	0.0198	0.3875	0.0364	0.0163	1.4968	0.1275	0.057
4	+-+-	9	0.7053	0.0327	0.0146	0.5021	0.0253	0.0113	1.5763	0.1186	0.053
4	+-+-	10	0.5493	0.0468	0.0209	0.3462	0.0364	0.0163	1.4682	0.1333	0.0596
4	+-+-	11	0.7019	0.0575	0.0257	0.4988	0.0487	0.0218	1.5739	0.1315	0.0588
4	+-+-	12	0.5885	0.0341	0.0152	0.3854	0.0232	0.0104	1.4953	0.1228	0.0549
4	+-+-	13	0.701	0.0601	0.0269	0.4979	0.0516	0.0231	1.5733	0.1396	0.0624
4	+-+-	14	0.6548	0.0247	0.0111	0.4517	0.0186	0.0083	1.5413	0.1114	0.0498
4	+-+-	15	0.762	0.0539	0.0241	0.5589	0.0446	0.0199	1.6156	0.1349	0.0603
4	+-+-	16	0.677	0.0201	0.009	0.4738	0.0096	0.0043	1.5567	0.1156	0.0517
4	+-+-	17	0.7824	0.0436	0.0195	0.5792	0.0336	0.015	1.6297	0.1311	0.0587
4	+-+-	18	0.7275	0.0295	0.0132	0.5244	0.0208	0.0093	1.5917	0.1186	0.053
4	+-+-	19	0.7999	0.0409	0.0183	0.5968	0.0311	0.0139	1.6419	0.1265	0.0566
4	+-+-	20	0.7263	0.0324	0.0145	0.5232	0.0227	0.0102	1.5909	0.1218	0.0545
4	+-+-	21	0.8048	0.0406	0.0182	0.6017	0.0299	0.0134	1.6453	0.1292	0.0578
4	+-+-	22	0.7577	0.0285	0.0127	0.5546	0.0183	0.0082	1.6126	0.1203	0.0538
4	+-+-	23	0.8035	0.0351	0.0157	0.6004	0.0243	0.0109	1.6444	0.1266	0.0566
4	+-+-	24	0.7769	0.0306	0.0137	0.5737	0.0201	0.009	1.6259	0.1234	0.0552
4	+-+-	25	0.8389	0.039	0.0174	0.6358	0.0281	0.0126	1.6689	0.1293	0.0578
4	+-+-	26	0.8068	0.031	0.0139	0.6037	0.0203	0.0091	1.6466	0.1219	0.0545
4	+-+-	27	0.8248	0.0328	0.0146	0.6216	0.0221	0.0099	1.6591	0.1243	0.0556
4	+-+-	28	0.8134	0.0331	0.0148	0.6103	0.0227	0.0102	1.6512	0.1227	0.0549
4	+-+-	29	0.8287	0.0355	0.0159	0.6256	0.0242	0.0108	1.6618	0.1269	0.0567
4	+-+-	30	0.8236	0.0346	0.0155	0.6205	0.025	0.0112	1.6583	0.1243	0.0556
4	+-+-	31	0.8125	0.032	0.0143	0.6094	0.0214	0.0096	1.6506	0.1239	0.0554
4	+-+-	32	0.7853	0.0315	0.0141	0.5821	0.0212	0.0095	1.6317	0.1235	0.0552
4	+-+-	33	0.7812	0.0306	0.0137	0.5781	0.0195	0.0087	1.6289	0.1234	0.0552
4	+-+-	34	0.8231	0.0383	0.0171	0.62	0.029	0.013	1.658	0.1235	0.0552
4	+-+-	35	0.7988	0.0359	0.0161	0.5957	0.0253	0.0113	1.6411	0.1247	0.0558
4	+-+-	36	0.7865	0.0363	0.0162	0.5833	0.0255	0.0114	1.6326	0.1256	0.0562
4	+-+-	37	0.7883	0.0333	0.0149	0.5852	0.022	0.0098	1.6339	0.125	0.0559
4	+-+-	38	0.807	0.0397	0.0178	0.6039	0.029	0.0129	1.6468	0.128	0.0573
4	+-+-	39	0.7837	0.03	0.0134	0.5806	0.0183	0.0082	1.6307	0.1229	0.055
4	+-+-	40	0.8068	0.0353	0.0158	0.6037	0.0254	0.0114	1.6467	0.1244	0.0556
4	+-+-	41	0.8135	0.0326	0.0146	0.6104	0.0208	0.0093	1.6513	0.1236	0.0553
4	+-+-	42	0.7944	0.0445	0.0199	0.5913	0.0335	0.015	1.6381	0.1304	0.0583
4	+-+-	43	0.7657	0.0356	0.0159	0.5625	0.0243	0.0108	1.6182	0.1249	0.0558
4	+-+-	44	0.7692	0.0349	0.0156	0.5661	0.0242	0.0108	1.6206	0.124	0.0555
4	+-+-	45	0.7821	0.0405	0.0181	0.579	0.0289	0.0129	1.6295	0.1294	0.0579
4	+-+-	46	0.7828	0.0457	0.0204	0.5796	0.0346	0.0155	1.63	0.1325	0.0593
4	+-+-	47	0.7685	0.0322	0.0144	0.5653	0.0207	0.0093	1.6201	0.1235	0.0552
4	+-+-	48	0.7954	0.0418	0.0187	0.5922	0.0314	0.014	1.6387	0.1291	0.0577
4	+-+-	49	0.7726	0.0401	0.0179	0.5694	0.029	0.013	1.6229	0.1288	0.0576
4	+-+-	50	0.7908	0.0462	0.0207	0.5876	0.0355	0.0159	1.6356	0.1312	0.0587
4	+--+	0	0.5565	0.0779	0.0348	0.3534	0.0729	0.0326	1.4732	0.1284	0.0574
4	+--+	1	0.4632	0.0425	0.019	0.2601	0.0372	0.0167	1.4085	0.1215	0.0543
4	+--+	2	0.5165	0.051	0.0228	0.3134	0.042	0.0188	1.4455	0.127	0.0568
4	+--+	3	0.588	0.0734	0.0328	0.3848	0.0637	0.0285	1.495	0.1425	0.0637
4	+--+	4	0.6883	0.0941	0.0421	0.4852	0.0875	0.0391	1.5645	0.1522	0.0681
4	+--+	5	0.6132	0.065	0.0291	0.4101	0.059	0.0264	1.5125	0.1276	0.0571
4	+--+	6	0.5053	0.0195	0.0087	0.3022	0.0183	0.0082	1.4377	0.11	0.0492
4	+--+	7	0.5988	0.0584	0.0261	0.3957	0.0488	0.0218	1.5025	0.1378	0.0616
4	+--+	8	0.6062	0.0605	0.0271	0.4031	0.0539	0.0241	1.5076	0.1361	0.0608
4	+--+	9	0.6276	0.0389	0.0174	0.4245	0.0283	0.0127	1.5225	0.1244	0.0556
4	+--+	10	0.5356	0.054	0.0242	0.3325	0.0426	0.019	1.4587	0.1389	0.0621
4	+--+	11	0.5989	0.0435	0.0195	0.3958	0.0332	0.0149	1.5026	0.1278	0.0571
4	+--+	12	0.5902	0.0408	0.0182	0.3871	0.0299	0.0134	1.4965	0.1286	0.0575
4	+--+	13	0.6476	0.0426	0.0191	0.4445	0.0328	0.0147	1.5363	0.1298	0.0581
4	+--+	14	0.6501	0.0339	0.0152	0.447	0.0244	0.0109	1.5381	0.1223	0.0547
4	+--+	15	0.6968	0.0394	0.0176	0.4937	0.0298	0.0133	1.5704	0.1263	0.0565
4	+--+	16	0.6916	0.0289	0.0129	0.4885	0.019	0.0085	1.5668	0.1205	0.0539
4	+--+	17	0.7416	0.0271	0.0121	0.5384	0.0164	0.0074	1.6014	0.1203	0.0538
4	+--+	18	0.7586	0.034	0.0152	0.5554	0.023	0.0103	1.6132	0.125	0.0559
4	+--+	19	0.7714	0.0379	0.0169	0.5683	0.0285	0.0127	1.6221	0.124	0.0555
4	+--+	20	0.7688	0.0355	0.0159	0.5656	0.0244	0.0109	1.6203	0.1261	0.0564
4	+--+	21	0.7956	0.0292	0.013	0.5925	0.0179	0.008	1.6389	0.1225	0.0548
4	+--+	22	0.7875	0.0373	0.0167	0.5844	0.0263	0.0117	1.6333	0.1272	0.0569
4	+--+	23	0.7886	0.0346	0.0155	0.5855	0.0233	0.0104	1.6341	0.1262	0.0564
4	+--+	24	0.8205	0.0386	0.0173	0.6174	0.0273	0.0122	1.6562	0.1287	0.0575
4	+--+	25	0.8125	0.0332	0.0148	0.6094	0.0222	0.0099	1.6506	0.1254	0.0561
4	+--+	26	0.8284	0.0365	0.0163	0.6252	0.025	0.0112	1.6616	0.1269	0.0567
4	+--+	27	0.8044	0.0312	0.0139	0.6013	0.0205	0.0092	1.645	0.1228	0.0549
4	+--+	28	0.8359	0.0367	0.0164	0.6328	0.0259	0.0116	1.6668	0.126	0.0563
4	+--+	29	0.8161	0.0291	0.013	0.613	0.0178	0.008	1.6531	0.1218	0.0545
4	+--+	30	0.831	0.0424	0.019	0.6279	0.0317	0.0142	1.6634	0.13	0.0582
4	+--+	31	0.8142	0.0285	0.0128	0.6111	0.0171	0.0077	1.6518	0.122	0.0546
4	+--+	32	0.8355	0.0382	0.0171	0.6324	0.027	0.0121	1.6666	0.1268	0.0567
4	+--+	33	0.8196	0.0295	0.0132	0.6165	0.0182	0.0081	1.6555	0.1224	0.0547
4	+--+	34	0.8759	0.0414	0.0185	0.6728	0.031	0.0138	1.6946	0.1275	0.057
4	+--+	35	0.813	0.036	0.0161	0.6099	0.0255	0.0114	1.651	0.124	0.0555
4	+--+	36	0.8525	0.0473	0.0211	0.6494	0.0361	0.0162	1.6784	0.1318	0.0589
4	+--+	37	0.816	0.036	0.0161	0.6128	0.0252	0.0113	1.653	0.1265	0.0566
4	+--+	38	0.8762	0.0488	0.0218	0.6731	0.0383	0.0171	1.6948	0.1325	0.0593
4	+--+	39	0.8078	0.0328	0.0147	0.6046	0.0214	0.0095	1.6473	0.1246	0.0557
4	+--+	40	0.8561	0.046	0.0205	0.653	0.0352	0.0157	1.6809	0.1309	0.0585
4	+--+	41	0.8184	0.0309	0.0138	0.6153	0.0194	0.0087	1.6547	0.1232	0.0551
4	+--+	42	0.849	0.0507	0.0227	0.6459	0.0398	0.0178	1.6759	0.1333	0.0596
4	+--+	43	0.7914	0.0394	0.0176	0.5883	0.0282	0.0126	1.636	0.127	0.0568
4	+--+	44	0.8345	0.0492	0.022	0.6313	0.0381	0.017	1.6658	0.1332	0.0596
4	+--+	45	0.7803	0.0415	0.0186	0.5771	0.0303	0.0136	1.6283	0.1296	0.058
4	+--+	46	0.8302	0.0541	0.0242	0.6271	0.0435	0.0195	1.6629	0.1353	0.0605
4	+--+	47	0.7849	0.0338	0.0151	0.5818	0.0223	0.01	1.6315	0.1251	0.056
4	+--+	48	0.8542	0.047	0.021	0.6511	0.0361	0.0161	1.6795	0.1315	0.0588
4	+--+	49	0.8082	0.0381	0.017	0.6051	0.027	0.0121	1.6477	0.1276	0.0571
4	+--+	50	0.8643	0.0535	0.0239	0.6612	0.0428	0.0191	1.6866	0.135	0.0604
