motif_seq	motif_counts	orientation_pattern	spacing	model_fold	log2_fc_vs_baseline	log2_fc_vs_single	mean_prediction	n_sequences
GATAA	2	++	1	0	0.332130788558783	0.15896246780309478	1.7508374452590942	1000
GATAA	2	++	1	1	0.39305534165729394	0.21980973619787425	1.964303731918335	1000
GATAA	2	++	1	2	0.31757963743891976	0.14860315732186757	1.8107643127441406	1000
GATAA	2	++	1	3	0.3017112496982669	0.13075466882833714	1.6877192258834839	1000
GATAA	2	++	1	4	0.35182673618571303	0.17288138920055496	1.948535680770874	1000
GATAA	2	+-	1	0	0.22131671267822825	0.04814841879482925	1.6740269660949707	1000
GATAA	2	+-	1	1	0.23140156034650977	0.058155987133837135	1.852253794670105	1000
GATAA	2	+-	1	2	0.24371018668611014	0.07473372269243146	1.7595618963241577	1000
GATAA	2	+-	1	3	0.23922857677860163	0.06827199590867186	1.6444096565246582	1000
GATAA	2	+-	1	4	0.3276704830021501	0.1487251467659077	1.93179190158844	1000
GATAA	2	-+	1	0	0.2594604008477889	0.08629207471764282	1.7004660367965698	1000
GATAA	2	-+	1	1	0.2854942961199779	0.11224874440513659	1.8897480964660645	1000
GATAA	2	-+	1	2	0.24281791919560253	0.07384142832963467	1.7589433193206787	1000
GATAA	2	-+	1	3	0.2702301264274688	0.09927355630645471	1.665898323059082	1000
GATAA	2	-+	1	4	0.2620170949355154	0.08307174795035728	1.886284351348877	1000
GATAA	2	++	0	0	0.49863897367065213	0.3254706529149639	1.8662519454956055	1000
GATAA	2	++	0	1	0.592684203646299	0.4194385981868794	2.102675676345825	1000
GATAA	2	++	0	2	0.5432803383724605	0.3743038582554083	1.9672080278396606	1000
GATAA	2	++	0	3	0.49082227619761204	0.3198656738298509	1.8188011646270752	1000
GATAA	2	++	0	4	0.5545299385437104	0.37558457006072093	2.089038610458374	1000
GATAA	2	+-	0	0	0.12461841383687756	-0.04854989616989496	1.607000708580017	1000
GATAA	2	+-	0	1	0.17967380100071886	0.0064282318188896145	1.8163989782333374	1000
GATAA	2	+-	0	2	0.19939784629323365	0.030421374237868243	1.7288469076156616	1000
GATAA	2	+-	0	3	0.15144865327605544	-0.01950792490664539	1.5835652351379395	1000
GATAA	2	+-	0	4	0.1501960068895805	-0.02874934547003542	1.8087759017944336	1000
GATAA	2	-+	0	0	0.2448885043206653	0.07172020506280846	1.6903656721115112	1000
GATAA	2	-+	0	1	0.14771100806943244	-0.02553456783046913	1.7942440509796143	1000
GATAA	2	-+	0	2	0.24370212499935093	0.07472567712904579	1.7595564126968384	1000
GATAA	2	-+	0	3	0.17131060715673085	0.00035402834421073326	1.59733247756958	1000
GATAA	2	-+	0	4	0.2652523465722211	0.086306999587063	1.8885267972946167	1000
GATAA	2	++	3	0	0.24694120325003835	0.07377289324326583	1.6917883157730103	1000
GATAA	2	++	3	1	0.24099870821260708	0.06775312962547661	1.8589061498641968	1000
GATAA	2	++	3	2	0.27566297237689946	0.10668649225984732	1.7817097902297974	1000
GATAA	2	++	3	3	0.21499781211155236	0.044041255426682885	1.627614140510559	1000
GATAA	2	++	3	4	0.27234127796030383	0.09339592022623008	1.8934406042099	1000
GATAA	2	+-	3	0	0.365204428180908	0.19203615042088248	1.7737623453140259	1000
GATAA	2	+-	3	1	0.42869302762546985	0.25544746516171285	1.9890058040618896	1000
GATAA	2	+-	3	2	0.3943313239397078	0.2253548223248243	1.8639644384384155	1000
GATAA	2	+-	3	3	0.3958271000499244	0.22487049768216325	1.752955436706543	1000
GATAA	2	+-	3	4	0.4427634872361715	0.2638181402510134	2.011568069458008	1000
GATAA	2	-+	3	0	0.2151563801156479	0.04198807817056212	1.6697568893432617	1000
GATAA	2	-+	3	1	0.2577295459516742	0.0844839512411702	1.8705029487609863	1000
GATAA	2	-+	3	2	0.25019483553255506	0.08121835541550286	1.76405668258667	1000
GATAA	2	-+	3	3	0.2116172781305303	0.040660678449998086	1.6252708435058594	1000
GATAA	2	-+	3	4	0.315194625032417	0.13624928879617462	1.9231443405151367	1000
GATAA	2	++	2	0	0.29476895501787603	0.12160065576001922	1.7249400615692139	1000
GATAA	2	++	2	1	0.3314653661847634	0.15821980372100644	1.9216127395629883	1000
GATAA	2	++	2	2	0.287840225469072	0.11886375610093551	1.7901504039764404	1000
GATAA	2	++	2	3	0.2984341202860761	0.12747755016506201	1.6854479312896729	1000
GATAA	2	++	2	4	0.2951202940757574	0.11617494709059933	1.9092297554016113	1000
GATAA	2	+-	2	0	0.4207800628636093	0.24761176360575243	1.8122843503952026	1000
GATAA	2	+-	2	1	0.4795557357352522	0.3063101732714952	2.024260997772217	1000
GATAA	2	+-	2	2	0.4299688379252329	0.26099237930601205	1.8886666297912598	1000
GATAA	2	+-	2	3	0.4239024078900236	0.2529458270200938	1.7724157571792603	1000
GATAA	2	+-	2	4	0.4080767363402788	0.2291313893551207	1.9875251054763794	1000
GATAA	2	-+	2	0	0.22056282672817112	0.04739454359368781	1.67350435256958	1000
GATAA	2	-+	2	1	0.18057112048159557	0.007325562720489228	1.8170210123062134	1000
GATAA	2	-+	2	2	0.2409623338819496	0.07198588601164446	1.7576571702957153	1000
GATAA	2	-+	2	3	0.249690324426249	0.07873373280740355	1.6516611576080322	1000
GATAA	2	-+	2	4	0.2874847803254013	0.10853943334024321	1.9039372205734253	1000
GATAA	2	++	5	0	0.25613238606877403	0.08296410293429068	1.6981594562530518	1000
GATAA	2	++	5	1	0.26900603990995275	0.09576048819511147	1.8783193826675415	1000
GATAA	2	++	5	2	0.24068148621309063	0.0717050114704963	1.757462501525879	1000
GATAA	2	++	5	3	0.2595642138754159	0.08860761688211263	1.6585050821304321	1000
GATAA	2	++	5	4	0.27763243170325497	0.09868706322026549	1.8971081972122192	1000
GATAA	2	+-	5	0	0.3223777599175099	0.14920946065965304	1.744077205657959	1000
GATAA	2	+-	5	1	0.33049043953268487	0.15724488781784357	1.920937180519104	1000
GATAA	2	+-	5	2	0.3054949970042368	0.13651849538935332	1.8023879528045654	1000
GATAA	2	+-	5	3	0.3200216620941835	0.1490650919731694	1.700411081314087	1000
GATAA	2	+-	5	4	0.35110916007281934	0.17216381308766124	1.9480383396148682	1000
GATAA	2	-+	5	0	0.19949402759072868	0.026325706835040485	1.658900499343872	1000
GATAA	2	-+	5	1	0.20779421129100684	0.03454863539110528	1.835890531539917	1000
GATAA	2	-+	5	2	0.2237666915310944	0.054790227537415734	1.7457380294799805	1000
GATAA	2	-+	5	3	0.19396504333946568	0.023008465156764836	1.6130353212356567	1000
GATAA	2	-+	5	4	0.21921517067601015	0.040269821003623155	1.8566163778305054	1000
GATAA	2	++	6	0	0.25094949540454103	0.07778118002331068	1.6945667266845703	1000
GATAA	2	++	6	1	0.2796181003944542	0.1063725164328659	1.885675072669983	1000
GATAA	2	++	6	2	0.23473288579155374	0.06575643254679076	1.753339409828186	1000
GATAA	2	++	6	3	0.22210718793725645	0.05115062319070019	1.6325420141220093	1000
GATAA	2	++	6	4	0.2762419304731978	0.09729658348803968	1.8961442708969116	1000
GATAA	2	+-	6	0	0.3245785359092758	0.15141023665141898	1.7456024885177612	1000
GATAA	2	+-	6	1	0.3357543125276429	0.16250876081280158	1.9245857000350952	1000
GATAA	2	+-	6	2	0.3570102502870554	0.18803377017000322	1.8380955457687378	1000
GATAA	2	+-	6	3	0.378326145498125	0.2073695646281952	1.7408246994018555	1000
GATAA	2	+-	6	4	0.31216622552903656	0.13322087854387846	1.9210450649261475	1000
GATAA	2	-+	6	0	0.2011676337619374	0.02799934256576731	1.6600606441497803	1000
GATAA	2	-+	6	1	0.2277876244104355	0.05454205657222071	1.849748969078064	1000
GATAA	2	-+	6	2	0.16571732289187652	-0.0032591538661395055	1.7055014371871948	1000
GATAA	2	-+	6	3	0.13167217477285886	-0.03928439803538414	1.569857120513916	1000
GATAA	2	-+	6	4	0.18926434903258932	0.010318991970322785	1.8358559608459473	1000
GATAA	2	++	7	0	0.20957223242912063	0.03640393317126379	1.6658862829208374	1000
GATAA	2	++	7	1	0.2127679280561279	0.03952237902851555	1.8393380641937256	1000
GATAA	2	++	7	2	0.20529336856914804	0.036316912637156126	1.7329334020614624	1000
GATAA	2	++	7	3	0.1876836349906779	0.016727059495205965	1.6086814403533936	1000
GATAA	2	++	7	4	0.21729762861238391	0.03835227356553907	1.8552871942520142	1000
GATAA	2	+-	7	0	0.3390580992507174	0.16588979999286055	1.7556389570236206	1000
GATAA	2	+-	7	1	0.36375444245148364	0.19050887998772667	1.9439939260482788	1000
GATAA	2	+-	7	2	0.2951717598840281	0.12619526901806025	1.7952324151992798	1000
GATAA	2	+-	7	3	0.3018032819143099	0.13084669029546442	1.6877832412719727	1000
GATAA	2	+-	7	4	0.3311163918883314	0.15217102340534197	1.9341802597045898	1000
GATAA	2	-+	7	0	0.22227237727341018	0.04910406189217981	1.6746891736984253	1000
GATAA	2	-+	7	1	0.22996060370625573	0.056715019744667416	1.851255178451538	1000
GATAA	2	-+	7	2	0.17664699233685888	0.0076705249841440655	1.7130773067474365	1000
GATAA	2	-+	7	3	0.20379034768976387	0.03283375607091842	1.6198457479476929	1000
GATAA	2	-+	7	4	0.22733655691288507	0.04839122067664266	1.8622455596923828	1000
GATAA	2	++	4	0	0.2974773378036636	0.12430903854580673	1.7268173694610596	1000
GATAA	2	++	4	1	0.3032742925228022	0.1300286978122982	1.9020723104476929	1000
GATAA	2	++	4	2	0.3146165053515417	0.14564002523448952	1.8087104558944702	1000
GATAA	2	++	4	3	0.2754549378628496	0.10449837849075115	1.6695197820663452	1000
GATAA	2	++	4	4	0.29821043535079766	0.11926507761672388	1.9113715887069702	1000
GATAA	2	+-	4	0	0.4287102688862188	0.25554199112619336	1.8177812099456787	1000
GATAA	2	+-	4	1	0.4775632737293438	0.3043176897677555	2.0228800773620605	1000
GATAA	2	+-	4	2	0.4099288175074204	0.2409523373903682	1.8747758865356445	1000
GATAA	2	+-	4	3	0.41344001530743546	0.24248343443750572	1.765163779258728	1000
GATAA	2	+-	4	4	0.3769595713543691	0.19801420287137966	1.965956449508667	1000
GATAA	2	-+	4	0	0.20189436795098956	0.028726049882530268	1.6605643033981323	1000
GATAA	2	-+	4	1	0.2347482567409746	0.0615026889027598	1.8545737266540527	1000
GATAA	2	-+	4	2	0.20389304283016033	0.034916554651421385	1.7319629192352295	1000
GATAA	2	-+	4	3	0.17213023347508027	0.0011736611706927036	1.597900629043579	1000
GATAA	2	-+	4	4	0.20239608433921907	0.02345072391791639	1.8449583053588867	1000
GATAA	2	++	8	0	0.25877025596770775	0.0856019674587666	1.6999876499176025	1000
GATAA	2	++	8	1	0.283760603510124	0.11051500879961998	1.888546347618103	1000
GATAA	2	++	8	2	0.238132294868508	0.069155809376998	1.7556955814361572	1000
GATAA	2	++	8	3	0.23310223228739801	0.062145646043010414	1.6401630640029907	1000
GATAA	2	++	8	4	0.2506755700373793	0.07173022842667906	1.8784230947494507	1000
GATAA	2	+-	8	0	0.3396041656650382	0.166435877156097	1.7560175657272339	1000
GATAA	2	+-	8	1	0.3830691260392822	0.2098235420776939	1.9573818445205688	1000
GATAA	2	+-	8	2	0.3505417463119602	0.1815652446970767	1.8336119651794434	1000
GATAA	2	+-	8	3	0.3850501941945709	0.2140935918268098	1.7454853057861328	1000
GATAA	2	+-	8	4	0.3246339788163477	0.14568863183118963	1.9296871423721313	1000
GATAA	2	-+	8	0	0.15801997062961956	-0.015148325941008376	1.630152940750122	1000
GATAA	2	-+	8	1	0.19815355181424124	0.0249079786015686	1.8292081356048584	1000
GATAA	2	-+	8	2	0.15487884724751416	-0.014097627495080164	1.697988748550415	1000
GATAA	2	-+	8	3	0.18148421937068895	0.010527639844373639	1.6043843030929565	1000
GATAA	2	-+	8	4	0.16502241624214967	-0.013922949553610864	1.8190526962280273	1000
GATAA	2	++	14	0	0.32980384179477784	0.1566355317880053	1.7492245435714722	1000
GATAA	2	++	14	1	0.3318507148118529	0.15860516309701161	1.9218798875808716	1000
GATAA	2	++	14	2	0.2884154214448827	0.11943893057891482	1.7905491590499878	1000
GATAA	2	++	14	3	0.3068833484511582	0.13592676758122846	1.691304326057434	1000
GATAA	2	++	14	4	0.31779706650527306	0.13885171952011496	1.9249480962753296	1000
GATAA	2	+-	14	0	0.3361650285957346	0.16299672933787776	1.753633737564087	1000
GATAA	2	+-	14	1	0.37225446999206435	0.19900888603047606	1.9498857259750366	1000
GATAA	2	+-	14	2	0.3720831322761423	0.20310665215909013	1.8485431671142578	1000
GATAA	2	+-	14	3	0.3613327117490217	0.19037613087909194	1.7290457487106323	1000
GATAA	2	+-	14	4	0.3523317632399717	0.17338640550589793	1.9488857984542847	1000
GATAA	2	-+	14	0	0.2898691262991319	0.11670082704127509	1.721543788909912	1000
GATAA	2	-+	14	1	0.2744685528666573	0.10122299040290032	1.8821057081222534	1000
GATAA	2	-+	14	2	0.30242381681645425	0.1334473581972334	1.8002591133117676	1000
GATAA	2	-+	14	3	0.19665627085582962	0.02569970610927338	1.6149007081985474	1000
GATAA	2	-+	14	4	0.26478502671416415	0.08583966360563251	1.8882029056549072	1000
GATAA	2	++	13	0	0.2916727083587302	0.11850440910087336	1.7227939367294312	1000
GATAA	2	++	13	1	0.31629309972130915	0.14304751575972083	1.911096215248108	1000
GATAA	2	++	13	2	0.30359525514497493	0.13461876427900704	1.801071047782898	1000
GATAA	2	++	13	3	0.31084081973233096	0.13988422811348553	1.6940473318099976	1000
GATAA	2	++	13	4	0.28249141454241916	0.10354605680834539	1.900476098060608	1000
GATAA	2	+-	13	0	0.32730241863147236	0.15413409787578414	1.747490644454956	1000
GATAA	2	+-	13	1	0.33827693255266716	0.16503135933999452	1.926334261894226	1000
GATAA	2	+-	13	2	0.33244444191829403	0.16346796180124185	1.8210676908493042	1000
GATAA	2	+-	13	3	0.31589698068070937	0.1449404105596953	1.697551965713501	1000
GATAA	2	+-	13	4	0.3818812418697728	0.20293591638244607	1.9693678617477417	1000
GATAA	2	-+	13	0	0.3074367026303093	0.13426837112570544	1.7337206602096558	1000
GATAA	2	-+	13	1	0.30272259367666565	0.12947704196182439	1.9016897678375244	1000
GATAA	2	-+	13	2	0.28869512972867967	0.11971863886271182	1.7907429933547974	1000
GATAA	2	-+	13	3	0.233516087038868	0.0625595276667696	1.6404500007629395	1000
GATAA	2	-+	13	4	0.2613321740284542	0.0823868216688383	1.8858095407485962	1000
GATAA	2	++	15	0	0.29071532393703964	0.11754704617701417	1.7221304178237915	1000
GATAA	2	++	15	1	0.30527660053547245	0.1320310273227998	1.9034602642059326	1000
GATAA	2	++	15	2	0.301365586067864	0.13238908445298048	1.799525499343872	1000
GATAA	2	++	15	3	0.3047012110791796	0.13374465170708114	1.6897917985916138	1000
GATAA	2	++	15	4	0.3190817984050496	0.14013646216880718	1.925838589668274	1000
GATAA	2	+-	15	0	0.3512291609674589	0.1780608724585177	1.7640753984451294	1000
GATAA	2	+-	15	1	0.3622636968338048	0.18901813437004786	1.9429607391357422	1000
GATAA	2	+-	15	2	0.31522895706909554	0.14625248770095903	1.8091349601745605	1000
GATAA	2	+-	15	3	0.3324614896985608	0.1615049195775467	1.709033727645874	1000
GATAA	2	+-	15	4	0.35988059773429293	0.18093525074913486	1.954118251800537	1000
GATAA	2	-+	15	0	0.31832664408294237	0.14515833407616982	1.7412689924240112	1000
GATAA	2	-+	15	1	0.3307648163543051	0.15751926463946384	1.921127200126648	1000
GATAA	2	-+	15	2	0.29300553090725423	0.12402905079020207	1.7937308549880981	1000
GATAA	2	-+	15	3	0.2864923974342602	0.11553579506649905	1.6771703958511353	1000
GATAA	2	-+	15	4	0.30393391048235513	0.12498856349719704	1.9153388738632202	1000
GATAA	2	++	9	0	0.2537942389346314	0.08062593430231672	1.6965385675430298	1000
GATAA	2	++	9	1	0.2750450387123494	0.10179947624859247	1.8825054168701172	1000
GATAA	2	++	9	2	0.23917734744647587	0.07020087807833937	1.7564198970794678	1000
GATAA	2	++	9	3	0.24357720110133046	0.07262064172923205	1.6474238634109497	1000
GATAA	2	++	9	4	0.27184850466991917	0.09290316843367677	1.8930989503860474	1000
GATAA	2	+-	9	0	0.33796919109677953	0.16480087034109134	1.7548842430114746	1000
GATAA	2	+-	9	1	0.3791324001653698	0.20588685919944422	1.954653024673462	1000
GATAA	2	+-	9	2	0.33169633888487216	0.16271988026565135	1.8205493688583374	1000
GATAA	2	+-	9	3	0.32717274371272176	0.1562161735917077	1.705367922782898	1000
GATAA	2	+-	9	4	0.3825788894929978	0.20363356400567106	1.9698514938354492	1000
GATAA	2	-+	9	0	0.1961321107316625	0.02296382222272134	1.656570315361023	1000
GATAA	2	-+	9	1	0.24249377489438884	0.06924820705617404	1.8599424362182617	1000
GATAA	2	-+	9	2	0.25291489164076986	0.08393845451938041	1.765942096710205	1000
GATAA	2	-+	9	3	0.24847298822777933	0.07751641273230739	1.6508173942565918	1000
GATAA	2	-+	9	4	0.21456134164149393	0.03561600809248043	1.8533905744552612	1000
GATAA	2	++	12	0	0.2975740350491112	0.12440572504233866	1.7268844842910767	1000
GATAA	2	++	12	1	0.31889386436331923	0.1456483018995623	1.9128988981246948	1000
GATAA	2	++	12	2	0.28596804382961083	0.11699157446147435	1.7888528108596802	1000
GATAA	2	++	12	3	0.27520618645620787	0.10424961633519378	1.6693474054336548	1000
GATAA	2	++	12	4	0.302551642921708	0.12360627443871858	1.9143807888031006	1000
GATAA	2	+-	12	0	0.3559067236077942	0.18273840285210596	1.7673176527023315	1000
GATAA	2	+-	12	1	0.3967764442826871	0.22353086032109876	1.9668830633163452	1000
GATAA	2	+-	12	2	0.3575115152208264	0.18853507809943695	1.8384430408477783	1000
GATAA	2	+-	12	3	0.38637424562790096	0.2154176647579712	1.7464032173156738	1000
GATAA	2	+-	12	4	0.37480931526629413	0.19586398977896738	1.9644660949707031	1000
GATAA	2	-+	12	0	0.2570923502302275	0.08392403484899713	1.6988247632980347	1000
GATAA	2	-+	12	1	0.2651152978973148	0.09186971393572647	1.8756223917007446	1000
GATAA	2	-+	12	2	0.2910870214412169	0.12211051982633336	1.7924009561538696	1000
GATAA	2	-+	12	3	0.2498365526751451	0.07887999867750453	1.65176260471344	1000
GATAA	2	-+	12	4	0.24808080329031804	0.06913546167961779	1.8766244649887085	1000
GATAA	2	++	11	0	0.2881770964864495	0.11500880797750837	1.7203710079193115	1000
GATAA	2	++	11	1	0.30043081736476196	0.12718522265425794	1.9001013040542603	1000
GATAA	2	++	11	2	0.2982567201817111	0.12928024006465894	1.7973705530166626	1000
GATAA	2	++	11	3	0.27230352776843947	0.10134696839634105	1.6673353910446167	1000
GATAA	2	++	11	4	0.30500708222373907	0.1260617244896653	1.916082739830017	1000
GATAA	2	+-	11	0	0.3231403954849297	0.14997208547815713	1.7446056604385376	1000
GATAA	2	+-	11	1	0.3582061531476613	0.18496059068390433	1.940148115158081	1000
GATAA	2	+-	11	2	0.31921908355610085	0.15024262493688	1.8119006156921387	1000
GATAA	2	+-	11	3	0.31409597836087405	0.14313940823985996	1.6963037252426147	1000
GATAA	2	+-	11	4	0.3416145353644676	0.16266917763039385	1.9414570331573486	1000
GATAA	2	-+	11	0	0.27251700123382294	0.0993486912270504	1.7095164060592651	1000
GATAA	2	-+	11	1	0.2919342724728612	0.11868869926018853	1.8942118883132935	1000
GATAA	2	-+	11	2	0.27309333659469553	0.10411684572872769	1.7799286842346191	1000
GATAA	2	-+	11	3	0.2611350604127341	0.09017847954280434	1.659593939781189	1000
GATAA	2	-+	11	4	0.21938414363048286	0.04043878858363802	1.8567334413528442	1000
GATAA	2	++	10	0	0.2553303449764753	0.08216204571861846	1.6976032257080078	1000
GATAA	2	++	10	1	0.29426723862964654	0.12102168691480525	1.8958290815353394	1000
GATAA	2	++	10	2	0.22955066156009288	0.06057418144304069	1.7497472763061523	1000
GATAA	2	++	10	3	0.2505873859331494	0.07963080506321964	1.652282953262329	1000
GATAA	2	++	10	4	0.2770250964695643	0.09807973873549053	1.8966871500015259	1000
GATAA	2	+-	10	0	0.3939397624393559	0.22077144168366772	1.7936800718307495	1000
GATAA	2	+-	10	1	0.39420315386915233	0.2209576129032267	1.9650993347167969	1000
GATAA	2	+-	10	2	0.33138410438223076	0.1624076027673472	1.8203328847885132	1000
GATAA	2	+-	10	3	0.39501181629350923	0.22405525692141082	1.7523903846740723	1000
GATAA	2	+-	10	4	0.3373058325145703	0.15836045328266518	1.938470482826233	1000
GATAA	2	-+	10	0	0.28299452828968696	0.10982623978074578	1.7167786359786987	1000
GATAA	2	-+	10	1	0.24068054030851088	0.06743496172138042	1.8586854934692383	1000
GATAA	2	-+	10	2	0.2724558184057785	0.1034793382887263	1.7794867753982544	1000
GATAA	2	-+	10	3	0.24064659523279683	0.06969001973732492	1.6453925371170044	1000
GATAA	2	-+	10	4	0.23543036143212787	0.05648501444696977	1.8678557872772217	1000
GATAA	2	++	18	0	0.3202912019037482	0.14712291339480704	1.7426308393478394	1000
GATAA	2	++	18	1	0.33115487300646196	0.15790929979378934	1.9213976860046387	1000
GATAA	2	++	18	2	0.31202388838761624	0.14304739752164836	1.8069133758544922	1000
GATAA	2	++	18	3	0.29470871809441135	0.12375215872231295	1.6828655004501343	1000
GATAA	2	++	18	4	0.3443095464991505	0.16536418876507678	1.943325161933899	1000
GATAA	2	+-	18	0	0.3739091150760155	0.20074079432032726	1.7797958850860596	1000
GATAA	2	+-	18	1	0.39244368535950036	0.2191981228957434	1.9638798236846924	1000
GATAA	2	+-	18	2	0.37341015041019976	0.20443369179097892	1.8494631052017212	1000
GATAA	2	+-	18	3	0.3697649781251625	0.19880839725523275	1.7348905801773071	1000
GATAA	2	+-	18	4	0.34465344730738207	0.165708100322224	1.9435635805130005	1000
GATAA	2	-+	18	0	0.3256266841749592	0.152458363419271	1.7463290691375732	1000
GATAA	2	-+	18	1	0.34986067351671213	0.17661513255078654	1.9343634843826294	1000
GATAA	2	-+	18	2	0.3478480895406528	0.17887160942360067	1.8317447900772095	1000
GATAA	2	-+	18	3	0.3196383342632416	0.14868176414222756	1.7001453638076782	1000
GATAA	2	-+	18	4	0.32730409546231826	0.14835873772824448	1.9315378665924072	1000
GATAA	2	++	19	0	0.3412578218487468	0.168089554837637	1.757163643836975	1000
GATAA	2	++	19	1	0.3474686313193554	0.17422307960451414	1.9327054023742676	1000
GATAA	2	++	19	2	0.35794411608124044	0.1889676144663569	1.8387428522109985	1000
GATAA	2	++	19	3	0.346893693317521	0.17593712319650695	1.7190372943878174	1000
GATAA	2	++	19	4	0.3468812245753335	0.16793586684125972	1.9451076984405518	1000
GATAA	2	+-	19	0	0.3320274914791085	0.158859181472336	1.7507658004760742	1000
GATAA	2	+-	19	1	0.34348306237259796	0.1702375106577567	1.9299428462982178	1000
GATAA	2	+-	19	2	0.31942649463304135	0.1504500145159892	1.812044382095337	1000
GATAA	2	+-	19	3	0.30324959151457204	0.13229302139355792	1.6887855529785156	1000
GATAA	2	+-	19	4	0.38703410006359884	0.2080887315806094	1.9729396104812622	1000
GATAA	2	-+	19	0	0.33813459541124685	0.16496629615338998	1.7549989223480225	1000
GATAA	2	-+	19	1	0.33753360203780675	0.16428801807621843	1.925818920135498	1000
GATAA	2	-+	19	2	0.32262341563643604	0.15364693551938388	1.8142603635787964	1000
GATAA	2	-+	19	3	0.32892597785127997	0.15796938623243453	1.7065831422805786	1000
GATAA	2	-+	19	4	0.3617795226759633	0.1828341756908052	1.9554344415664673	1000
GATAA	2	++	20	0	0.3379610864143576	0.16479279790541645	1.7548786401748657	1000
GATAA	2	++	20	1	0.36047836643302933	0.1872327609736097	1.9417229890823364	1000
GATAA	2	++	20	2	0.3198063613131346	0.15082990269391378	1.8123077154159546	1000
GATAA	2	++	20	3	0.3218800206280816	0.15092343975815178	1.7016992568969727	1000
GATAA	2	++	20	4	0.3645887732864818	0.18564342630132374	1.9573817253112793	1000
GATAA	2	+-	20	0	0.3493264094118068	0.1761580994050343	1.7627564668655396	1000
GATAA	2	+-	20	1	0.3879022254894916	0.2146566200300719	1.960731863975525	1000
GATAA	2	+-	20	2	0.35398182928584354	0.18500537066662273	1.835996389389038	1000
GATAA	2	+-	20	3	0.3693616358132265	0.19840505494329674	1.734610915184021	1000
GATAA	2	+-	20	4	0.36851728698881553	0.18957187551016338	1.9601047039031982	1000
GATAA	2	-+	20	0	0.3165835354229537	0.14341523616509688	1.740060806274414	1000
GATAA	2	-+	20	1	0.2848968283908805	0.11165124442929215	1.889333963394165	1000
GATAA	2	-+	20	2	0.3137032774754602	0.14472677586057664	1.808077335357666	1000
GATAA	2	-+	20	3	0.2998720457321087	0.1289154756110946	1.6864445209503174	1000
GATAA	2	-+	20	4	0.3053521439148639	0.12640677543187448	1.9163219928741455	1000
GATAA	2	++	16	0	0.31730390625392396	0.14413559624715142	1.7405602931976318	1000
GATAA	2	++	16	1	0.32666889903918783	0.15342333657543086	1.918288230895996	1000
GATAA	2	++	16	2	0.29173412766291956	0.12275766904369877	1.7928496599197388	1000
GATAA	2	++	16	3	0.3009723477366662	0.13001576686673644	1.6872071027755737	1000
GATAA	2	++	16	4	0.32681572922736196	0.14787036074437251	1.931199312210083	1000
GATAA	2	+-	16	0	0.3815898602635485	0.20842158250352302	1.7851197719573975	1000
GATAA	2	+-	16	1	0.4256529762974934	0.25240741383373644	1.98689866065979	1000
GATAA	2	+-	16	2	0.3802388935453584	0.2112624349261376	1.8541964292526245	1000
GATAA	2	+-	16	3	0.400056583391268	0.22910006701483232	1.7558871507644653	1000
GATAA	2	+-	16	4	0.3874255755726253	0.20848022858746723	1.9732109308242798	1000
GATAA	2	-+	16	0	0.28577856194402274	0.11261027343508158	1.7187085151672363	1000
GATAA	2	-+	16	1	0.27196740917515944	0.09872182521357115	1.8803720474243164	1000
GATAA	2	-+	16	2	0.2718329402400161	0.1028564708718796	1.779055118560791	1000
GATAA	2	-+	16	3	0.19578113713691422	0.02482456432867122	1.614294171333313	1000
GATAA	2	-+	16	4	0.2704948937184721	0.09154950373765129	1.8921606540679932	1000
GATAA	2	++	21	0	0.35493035660101463	0.1817620573431578	1.7666409015655518	1000
GATAA	2	++	21	1	0.3729862561714856	0.1997406292142346	1.9503929615020752	1000
GATAA	2	++	21	2	0.36651562391108605	0.19753914379403387	1.84468412399292	1000
GATAA	2	++	21	3	0.3919156986213515	0.22095911775142177	1.7502442598342896	1000
GATAA	2	++	21	4	0.36037539182082523	0.1814300233378358	1.9544612169265747	1000
GATAA	2	+-	21	0	0.33643944841301754	0.16327113840624505	1.75382399559021	1000
GATAA	2	+-	21	1	0.35246010529317806	0.17921452133158974	1.9361653327941895	1000
GATAA	2	+-	21	2	0.3210536224928544	0.15207715312471792	1.8131723403930664	1000
GATAA	2	+-	21	3	0.3266822921881238	0.15572573281602536	1.7050278186798096	1000
GATAA	2	+-	21	4	0.3820760122218749	0.20313062224105413	1.9695028066635132	1000
GATAA	2	-+	21	0	0.3343259321187331	0.1611576328608763	1.7523589134216309	1000
GATAA	2	-+	21	1	0.35730053550388047	0.1840549730401235	1.9395203590393066	1000
GATAA	2	-+	21	2	0.3234660876300011	0.1544896182618646	1.8148444890975952	1000
GATAA	2	-+	21	3	0.3254398680204595	0.15448328715052972	1.7041667699813843	1000
GATAA	2	-+	21	4	0.37071552623648124	0.19177013625566044	1.9616284370422363	1000
GATAA	2	++	23	0	0.36914270189867815	0.19597438114298996	1.7764922380447388	1000
GATAA	2	++	23	1	0.3729012537462967	0.19965566978470836	1.9503339529037476	1000
GATAA	2	++	23	2	0.37752758705450623	0.20855114993311677	1.8523170948028564	1000
GATAA	2	++	23	3	0.37555120542645354	0.20459464605435515	1.7389012575149536	1000
GATAA	2	++	23	4	0.3866687229218408	0.20772333294102	1.9726862907409668	1000
GATAA	2	+-	23	0	0.3414654479040009	0.16829713789722842	1.7573076486587524	1000
GATAA	2	+-	23	1	0.34478490654613536	0.17153932258454704	1.9308452606201172	1000
GATAA	2	+-	23	2	0.32977032667569095	0.16079385730755444	1.8192143440246582	1000
GATAA	2	+-	23	3	0.3274116921082643	0.1564551219872502	1.705533504486084	1000
GATAA	2	+-	23	4	0.3853009878951916	0.20635564091003353	1.9717381000518799	1000
GATAA	2	-+	23	0	0.3230467939271976	0.14987848392042505	1.744540810585022	1000
GATAA	2	-+	23	1	0.3568101699706079	0.1835646075068509	1.9391804933547974	1000
GATAA	2	-+	23	2	0.32109588722930393	0.15211942861008312	1.813201665878296	1000
GATAA	2	-+	23	3	0.314770494317558	0.1438139241965439	1.696771264076233	1000
GATAA	2	-+	23	4	0.3622453806814879	0.18330001219849848	1.9557573795318604	1000
GATAA	2	++	17	0	0.3443510373136712	0.171182716557983	1.759307861328125	1000
GATAA	2	++	17	1	0.38117323229183336	0.20792764833024502	1.956067681312561	1000
GATAA	2	++	17	2	0.35695390447106645	0.1879774243540143	1.8380564451217651	1000
GATAA	2	++	17	3	0.38294491156969657	0.2119883736954295	1.7440260648727417	1000
GATAA	2	++	17	4	0.3656223030268419	0.1866769560416838	1.9580981731414795	1000
GATAA	2	+-	17	0	0.35018088371478734	0.17701256295909912	1.7633485794067383	1000
GATAA	2	+-	17	1	0.3482020298361285	0.17495645662345585	1.9332138299942017	1000
GATAA	2	+-	17	2	0.3268629384650238	0.1578864583479716	1.8171989917755127	1000
GATAA	2	+-	17	3	0.33197897087373385	0.16102243299946678	1.708699345588684	1000
GATAA	2	+-	17	4	0.38537498343072535	0.20642959344990452	1.9717895984649658	1000
GATAA	2	-+	17	0	0.32665511892928745	0.15348680892251493	1.7470417022705078	1000
GATAA	2	-+	17	1	0.31485065973069143	0.14160508651801879	1.9100964069366455	1000
GATAA	2	-+	17	2	0.31792723587414484	0.14895075575709266	1.8110051155090332	1000
GATAA	2	-+	17	3	0.3173042287213943	0.14634765860038024	1.6985275745391846	1000
GATAA	2	-+	17	4	0.33142787396687534	0.15248253773063292	1.9343962669372559	1000
GATAA	2	++	24	0	0.3491845452226764	0.17601624596481952	1.7626581192016602	1000
GATAA	2	++	24	1	0.35959289225723085	0.1863473082956425	1.9411094188690186	1000
GATAA	2	++	24	2	0.32738712008702225	0.15841065071888577	1.817562222480774	1000
GATAA	2	++	24	3	0.3287385167618395	0.1577819573897411	1.7064530849456787	1000
GATAA	2	++	24	4	0.3765627643831659	0.19761743889583916	1.9656814336776733	1000
GATAA	2	+-	24	0	0.3991647243595562	0.225996403603868	1.7973017692565918	1000
GATAA	2	+-	24	1	0.42244958444686	0.2492040004852717	1.9846782684326172	1000
GATAA	2	+-	24	2	0.38499111815399956	0.21601461653911602	1.8574904203414917	1000
GATAA	2	+-	24	3	0.3849291614040262	0.21397258053409646	1.7454015016555786	1000
GATAA	2	+-	24	4	0.38979093896126693	0.21084559197610886	1.9748505353927612	1000
GATAA	2	-+	24	0	0.3541739339068573	0.18100561315116911	1.7661164999008179	1000
GATAA	2	-+	24	1	0.34468160946646087	0.17143601475595688	1.9307737350463867	1000
GATAA	2	-+	24	2	0.35412463937955374	0.18514815926250158	1.8360954523086548	1000
GATAA	2	-+	24	3	0.322748425525782	0.15179185540476786	1.7023011445999146	1000
GATAA	2	-+	24	4	0.35727880119637767	0.1783334434623039	1.9523147344589233	1000
GATAA	2	++	25	0	0.40722086467826	0.23405256542040317	1.802885890007019	1000
GATAA	2	++	25	1	0.44592439937204176	0.27267885840611616	2.0009498596191406	1000
GATAA	2	++	25	2	0.39910083280476066	0.23012437418553985	1.8672704696655273	1000
GATAA	2	++	25	3	0.4132404724367719	0.2422839130646735	1.7650253772735596	1000
GATAA	2	++	25	4	0.4006309624494871	0.22168559396649762	1.982364296913147	1000
GATAA	2	+-	25	0	0.36345876127898774	0.19029046202113092	1.772552251815796	1000
GATAA	2	+-	25	1	0.36962433931241945	0.19637877684866248	1.9480626583099365	1000
GATAA	2	+-	25	2	0.3416781474474555	0.17270165658148764	1.8274681568145752	1000
GATAA	2	+-	25	3	0.33539564270926847	0.16443907258825438	1.7110676765441895	1000
GATAA	2	+-	25	4	0.4011728797823558	0.22222748980153498	1.9827396869659424	1000
GATAA	2	-+	25	0	0.35061311911206827	0.17744479835638008	1.7636483907699585	1000
GATAA	2	-+	25	1	0.3627463231477886	0.18950073918620025	1.9432951211929321	1000
GATAA	2	-+	25	2	0.3443824241474537	0.17540593328148582	1.8293424844741821	1000
GATAA	2	-+	25	3	0.35218151489661165	0.1812249340266819	1.7227026224136353	1000
GATAA	2	-+	25	4	0.4066214621443404	0.22767605066568825	1.9865164756774902	1000
GATAA	2	++	22	0	0.34795682557166085	0.17478850481597263	1.7618070840835571	1000
GATAA	2	++	22	1	0.35052648285169613	0.17728093113685486	1.9348249435424805	1000
GATAA	2	++	22	2	0.31387788286174867	0.14490141349361216	1.80819833278656	1000
GATAA	2	++	22	3	0.3289637710388071	0.158007200917793	1.7066093683242798	1000
GATAA	2	++	22	4	0.3565153487113663	0.17756999097729254	1.9517855644226074	1000
GATAA	2	+-	22	0	0.3874001651359603	0.21423182288244078	1.7891472578048706	1000
GATAA	2	+-	22	1	0.4017548690728755	0.2285092851112872	1.9703336954116821	1000
GATAA	2	+-	22	2	0.37515005589331607	0.20617359727409523	1.8506691455841064	1000
GATAA	2	+-	22	3	0.38195390453976236	0.2109973666654953	1.7433393001556396	1000
GATAA	2	+-	22	4	0.38342095954728483	0.20447561256212674	1.9704351425170898	1000
GATAA	2	-+	22	0	0.36508692103470597	0.19191864327468047	1.7736808061599731	1000
GATAA	2	-+	22	1	0.3565792187683305	0.18333363480674217	1.9390202760696411	1000
GATAA	2	-+	22	2	0.3630505174615022	0.19407405884228135	1.8422822952270508	1000
GATAA	2	-+	22	3	0.36317395800915897	0.19221737713922918	1.730322003364563	1000
GATAA	2	-+	22	4	0.36202722068886845	0.18308187370371037	1.95560622215271	1000
GATAA	2	++	28	0	0.34850712705875914	0.17533880630307092	1.76218843460083	1000
GATAA	2	++	28	1	0.3649965871473403	0.19175100318575194	1.944854974746704	1000
GATAA	2	++	28	2	0.3292376534103061	0.16026117329325393	1.8188450336456299	1000
GATAA	2	++	28	3	0.33675329525301084	0.16579672513199675	1.7120085954666138	1000
GATAA	2	++	28	4	0.39675752619109217	0.2178121792059341	1.9796794652938843	1000
GATAA	2	+-	28	0	0.39633801750997505	0.22316976124778096	1.7953425645828247	1000
GATAA	2	+-	28	1	0.44147916379519075	0.26823362282926516	1.9978686571121216	1000
GATAA	2	+-	28	2	0.3911919526308581	0.2222154940116373	1.8617885112762451	1000
GATAA	2	+-	28	3	0.38141559884256176	0.21045903947046335	1.7429660558700562	1000
GATAA	2	+-	28	4	0.40364998889839554	0.22470464191323744	1.9844567775726318	1000
GATAA	2	-+	28	0	0.40162072260520254	0.22845244484517704	1.7990041971206665	1000
GATAA	2	-+	28	1	0.4465468905768397	0.27330128511742	2.0013811588287354	1000
GATAA	2	-+	28	2	0.3882272726996223	0.21925081408040148	1.8597334623336792	1000
GATAA	2	-+	28	3	0.4262589571678085	0.2553023762978787	1.774049162864685	1000
GATAA	2	-+	28	4	0.40132594434162366	0.2223805973564656	1.9828459024429321	1000
GATAA	2	++	26	0	0.34577511815630935	0.17260679740062113	1.7602949142456055	1000
GATAA	2	++	26	1	0.36673550373021413	0.19348994126645716	1.946060061454773	1000
GATAA	2	++	26	2	0.336608464363153	0.16763198424610082	1.8239541053771973	1000
GATAA	2	++	26	3	0.34645576099493025	0.1754991801250005	1.7187339067459106	1000
GATAA	2	++	26	4	0.39220346859190774	0.21325812160674962	1.97652268409729	1000
GATAA	2	+-	26	0	0.3963054697932993	0.22313717053544244	1.7953197956085205	1000
GATAA	2	+-	26	1	0.42677004661051005	0.25352446264892176	1.987673044204712	1000
GATAA	2	+-	26	2	0.3784174252900704	0.20944094517301823	1.8529338836669922	1000
GATAA	2	+-	26	3	0.39679359955211063	0.22583704018001224	1.753625512123108	1000
GATAA	2	+-	26	4	0.3920127398321009	0.2130673713491114	1.9763904809951782	1000
GATAA	2	-+	26	0	0.41524824089860707	0.2420799416407502	1.8084501028060913	1000
GATAA	2	-+	26	1	0.47488821258216096	0.3016426286205727	2.0210258960723877	1000
GATAA	2	-+	26	2	0.39803484133905026	0.22905833972416673	1.866531491279602	1000
GATAA	2	-+	26	3	0.4058965982666164	0.23494003889451798	1.7599350214004517	1000
GATAA	2	-+	26	4	0.3980472240899124	0.2191018771047543	1.9805734157562256	1000
GATAA	2	++	30	0	0.34356862374140223	0.17040032448354536	1.758765459060669	1000
GATAA	2	++	30	1	0.3663820363870283	0.19313643092760868	1.9458152055740356	1000
GATAA	2	++	30	2	0.3171310636898068	0.14815459432167033	1.8104534149169922	1000
GATAA	2	++	30	3	0.3224744141672948	0.1515178440462807	1.7021113634109497	1000
GATAA	2	++	30	4	0.38197995991136807	0.20303461292620997	1.9694362878799438	1000
GATAA	2	+-	30	0	0.36930647237796227	0.19613815162227405	1.7766056060791016	1000
GATAA	2	+-	30	1	0.39714771183023717	0.22390212786864885	1.9671404361724854	1000
GATAA	2	+-	30	2	0.3562038666328224	0.18722736501793885	1.8375365734100342	1000
GATAA	2	+-	30	3	0.36711485446235476	0.19615827359242502	1.7330535650253296	1000
GATAA	2	+-	30	4	0.38154733755312265	0.20260201206579592	1.9691364765167236	1000
GATAA	2	-+	30	0	0.39021779990070843	0.21704947914502024	1.7911003828048706	1000
GATAA	2	-+	30	1	0.42437733798038124	0.25113173252096155	1.986014485359192	1000
GATAA	2	-+	30	2	0.38801964664436817	0.21904318802514736	1.8595895767211914	1000
GATAA	2	-+	30	3	0.3956718857075207	0.22471530483759092	1.7528479099273682	1000
GATAA	2	-+	30	4	0.3939312922938009	0.21498594530864285	1.9777204990386963	1000
GATAA	2	++	27	0	0.3998084554217357	0.22664009167038476	1.7977478504180908	1000
GATAA	2	++	27	1	0.4444104790921592	0.27116485213490815	1.9999003410339355	1000
GATAA	2	++	27	2	0.4043281594864103	0.23535165787152676	1.8708938360214233	1000
GATAA	2	++	27	3	0.4619468190743736	0.29099023820444386	1.7987861633300781	1000
GATAA	2	++	27	4	0.43478207337926755	0.25583674789194083	2.0060360431671143	1000
GATAA	2	+-	27	0	0.3494021247738492	0.17623382551599234	1.762808918952942	1000
GATAA	2	+-	27	1	0.36294173843483146	0.18969617597107447	1.9434305429458618	1000
GATAA	2	+-	27	2	0.34212534533536154	0.17314887596722503	1.8277781009674072	1000
GATAA	2	+-	27	3	0.33696913347984364	0.16601255260991388	1.712158203125	1000
GATAA	2	+-	27	4	0.39974843347658456	0.22080308649142646	1.9817523956298828	1000
GATAA	2	-+	27	0	0.3579007979510544	0.18473247719536617	1.7686998844146729	1000
GATAA	2	-+	27	1	0.3839412500618075	0.21069566610021923	1.9579863548278809	1000
GATAA	2	-+	27	2	0.3402019773594373	0.1712255079913008	1.8264448642730713	1000
GATAA	2	-+	27	3	0.34111703255118425	0.17016045168125446	1.7150331735610962	1000
GATAA	2	-+	27	4	0.4203259856696688	0.24138068168017338	1.9960159063339233	1000
GATAA	2	++	29	0	0.38419565539809636	0.21102737763807086	1.7869259119033813	1000
GATAA	2	++	29	1	0.4356361392234523	0.2623905767596953	1.9938185214996338	1000
GATAA	2	++	29	2	0.37862337451447864	0.20964687289959508	1.853076696395874	1000
GATAA	2	++	29	3	0.3849844968219413	0.21402791595201157	1.745439887046814	1000
GATAA	2	++	29	4	0.41350975427236036	0.2345643857893709	1.9912910461425781	1000
GATAA	2	+-	29	0	0.3443327211613543	0.1711644004056661	1.7592952251434326	1000
GATAA	2	+-	29	1	0.35153008761080606	0.1782845358959648	1.9355206489562988	1000
GATAA	2	+-	29	2	0.3367983117118742	0.16782186384156902	1.8240857124328613	1000
GATAA	2	+-	29	3	0.331529623202692	0.16057304233276226	1.708387851715088	1000
GATAA	2	+-	29	4	0.3896150867007597	0.21066973971560166	1.9747284650802612	1000
GATAA	2	-+	29	0	0.3370432150067028	0.1638749049999303	1.7542424201965332	1000
GATAA	2	-+	29	1	0.363538733211639	0.19029319224571337	1.9438444375991821	1000
GATAA	2	-+	29	2	0.32285722605028405	0.15388075668214754	1.8144224882125854	1000
GATAA	2	-+	29	3	0.32125918475629817	0.15030262538419978	1.7012689113616943	1000
GATAA	2	-+	29	4	0.39832807175877133	0.21938272477361326	1.9807679653167725	1000
GATAA	2	++	31	0	0.38265206811093994	0.20948379035091444	1.785856008529663	1000
GATAA	2	++	31	1	0.4048914456636487	0.23164584020422904	1.9725079536437988	1000
GATAA	2	++	31	2	0.36071323024061386	0.1917367501235617	1.8406622409820557	1000
GATAA	2	++	31	3	0.39233636818536194	0.22137976581760083	1.7505358457565308	1000
GATAA	2	++	31	4	0.3986321370854968	0.2196867901003387	1.9809786081314087	1000
GATAA	2	+-	31	0	0.3302340778937425	0.1570657571380543	1.7495226860046387	1000
GATAA	2	+-	31	1	0.34412705140875377	0.17088149969391248	1.930389165878296	1000
GATAA	2	+-	31	2	0.3090405913344245	0.140064121966288	1.8048454523086548	1000
GATAA	2	+-	31	3	0.3115020285314044	0.1405454584103903	1.6945058107376099	1000
GATAA	2	+-	31	4	0.3742262940798692	0.19528092559687973	1.9640618562698364	1000
GATAA	2	-+	31	0	0.32778465798449163	0.1546163694755505	1.747824788093567	1000
GATAA	2	-+	31	1	0.34932690386192805	0.1760813306492554	1.9339934587478638	1000
GATAA	2	-+	31	2	0.3167792516796356	0.1478027823114991	1.8102096319198608	1000
GATAA	2	-+	31	3	0.31813318509855304	0.14717662572645465	1.6991021633148193	1000
GATAA	2	-+	31	4	0.370456348381631	0.19151097989864155	1.9614487886428833	1000
GATAA	2	++	32	0	0.3381578775626074	0.16498955680691918	1.7550150156021118	1000
GATAA	2	++	32	1	0.34961299700163834	0.17636741304005002	1.9341918230056763	1000
GATAA	2	++	32	2	0.3203662293351871	0.15138973846921927	1.8126957416534424	1000
GATAA	2	++	32	3	0.3204327006297456	0.1494761412576472	1.7006959915161133	1000
GATAA	2	++	32	4	0.3672298678601193	0.18828447787929847	1.959212303161621	1000
GATAA	2	+-	32	0	0.36905920432168426	0.19589092656165877	1.776434302330017	1000
GATAA	2	+-	32	1	0.3964738838041567	0.22322827834473702	1.9666733741760254	1000
GATAA	2	+-	32	2	0.3562901159322301	0.18731361431734656	1.8375962972640991	1000
GATAA	2	+-	32	3	0.36507900983276625	0.19412247195849922	1.7316426038742065	1000
GATAA	2	+-	32	4	0.36312115933534406	0.18417581235018599	1.956364393234253	1000
GATAA	2	-+	32	0	0.3848443739571509	0.21167605320146266	1.787375569343567	1000
GATAA	2	-+	32	1	0.4024790020243334	0.22923343956057643	1.9708356857299805	1000
GATAA	2	-+	32	2	0.37643334743839163	0.2074568888191708	1.8515586853027344	1000
GATAA	2	-+	32	3	0.3990885790408867	0.22813201966878827	1.7552162408828735	1000
GATAA	2	-+	32	4	0.3655160607442714	0.18657069226128195	1.9580243825912476	1000
GATAA	2	++	33	0	0.4023617528521077	0.2291934535942508	1.7995178699493408	1000
GATAA	2	++	33	1	0.43462569815397056	0.2613801786858763	1.993118166923523	1000
GATAA	2	++	33	2	0.4040253410339036	0.2350488179211887	1.8706839084625244	1000
GATAA	2	++	33	3	0.40164914273825764	0.23069256186832784	1.756990909576416	1000
GATAA	2	++	33	4	0.4035523027527054	0.22460689127405328	1.9843891859054565	1000
GATAA	2	+-	33	0	0.3451157366729013	0.17194744816396015	1.7598378658294678	1000
GATAA	2	+-	33	1	0.35592927483288855	0.1826837123691316	1.9385699033737183	1000
GATAA	2	+-	33	2	0.32534418117308567	0.15636769030711783	1.8161462545394897	1000
GATAA	2	+-	33	3	0.3211630249566345	0.1502064655845361	1.7012022733688354	1000
GATAA	2	+-	33	4	0.3916237150758492	0.21267834659285975	1.9761208295822144	1000
GATAA	2	-+	33	0	0.3449354558591344	0.17176713510344618	1.7597129344940186	1000
GATAA	2	-+	33	1	0.37820747746902966	0.20496189350744132	1.9540119171142578	1000
GATAA	2	-+	33	2	0.339026174971151	0.17004971635193017	1.8256298303604126	1000
GATAA	2	-+	33	3	0.33747923402230273	0.16652266390128867	1.7125117778778076	1000
GATAA	2	-+	33	4	0.39602371921552326	0.2170783722303652	1.9791706800460815	1000
GATAA	2	++	34	0	0.35115400454903184	0.17798571604009064	1.7640231847763062	1000
GATAA	2	++	34	1	0.37145152599084863	0.19820598502492304	1.949329137802124	1000
GATAA	2	++	34	2	0.34886816163858286	0.179891670772615	1.8324519395828247	1000
GATAA	2	++	34	3	0.33592231807970446	0.16496575870760605	1.7114325761795044	1000
GATAA	2	++	34	4	0.3851659815142643	0.20622063452910622	1.9716447591781616	1000
GATAA	2	+-	34	0	0.3688112483348028	0.1956429275791146	1.7762621641159058	1000
GATAA	2	+-	34	1	0.38608320798697837	0.21283762402539005	1.9594709873199463	1000
GATAA	2	+-	34	2	0.35521741714313604	0.18624095852391523	1.836852788925171	1000
GATAA	2	+-	34	3	0.3721226882858408	0.20116610741591098	1.7365248203277588	1000
GATAA	2	+-	34	4	0.3732832702095257	0.19433790172653626	1.9634082317352295	1000
GATAA	2	-+	34	0	0.4312843762173452	0.258116055461657	1.8195654153823853	1000
GATAA	2	-+	34	1	0.46382805130083643	0.2905824458414168	2.013359546661377	1000
GATAA	2	-+	34	2	0.43808177551438415	0.2691053168951633	1.8942900896072388	1000
GATAA	2	-+	34	3	0.4224244319841713	0.2514678511142415	1.7713913917541504	1000
GATAA	2	-+	34	4	0.4090562205326052	0.2301108735474471	1.9882041215896606	1000
GATAA	2	++	35	0	0.38873186979725377	0.21556354904156558	1.7900702953338623	1000
GATAA	2	++	35	1	0.4190066207635747	0.2457610797976491	1.9822918176651	1000
GATAA	2	++	35	2	0.387437872332162	0.21846139221510982	1.8591862916946411	1000
GATAA	2	++	35	3	0.3837196504161708	0.21276304804840968	1.7445632219314575	1000
GATAA	2	++	35	4	0.4144753508656296	0.23552998238264014	1.9919604063034058	1000
GATAA	2	+-	35	0	0.34360676089423103	0.17043845088745851	1.7587920427322388	1000
GATAA	2	+-	35	1	0.3477341725322876	0.17448861006853061	1.9328895807266235	1000
GATAA	2	+-	35	2	0.3394081484387173	0.17043166832166512	1.825894832611084	1000
GATAA	2	+-	35	3	0.3238708702966381	0.15291428942670832	1.7030792236328125	1000
GATAA	2	+-	35	4	0.3825266497627982	0.20358134577330284	1.9698151350021362	1000
GATAA	2	-+	35	0	0.37064518533227836	0.1974768430787588	1.7775335311889648	1000
GATAA	2	-+	35	1	0.3707868130452639	0.19754127207933828	1.9488683938980103	1000
GATAA	2	-+	35	2	0.3472287800148959	0.1782522998978437	1.8313153982162476	1000
GATAA	2	-+	35	3	0.3296175845838934	0.15866099296504796	1.7070624828338623	1000
GATAA	2	-+	35	4	0.41924412880441625	0.24029880331708953	1.9952658414840698	1000
GATAA	2	++	36	0	0.3351047125575027	0.16193640255073014	1.7528986930847168	1000
GATAA	2	++	36	1	0.3479805806753113	0.17473498596480727	1.9330602884292603	1000
GATAA	2	++	36	2	0.32841456594110807	0.15943808582405586	1.8182743787765503	1000
GATAA	2	++	36	3	0.31743244178761254	0.1464758931644298	1.6986165046691895	1000
GATAA	2	++	36	4	0.37311644703818875	0.19417107855519933	1.9632924795150757	1000
GATAA	2	+-	36	0	0.36599761216668725	0.1928293129088304	1.7743120193481445	1000
GATAA	2	+-	36	1	0.4061633003624419	0.23291769490302222	1.9733893871307373	1000
GATAA	2	+-	36	2	0.3667592373360332	0.19778275721898103	1.8448530435562134	1000
GATAA	2	+-	36	3	0.3613103970000723	0.1903538161301425	1.7290302515029907	1000
GATAA	2	+-	36	4	0.35952515259062223	0.18057980560546416	1.9538718461990356	1000
GATAA	2	-+	36	0	0.41814636354395895	0.2449780642861021	1.810458779335022	1000
GATAA	2	-+	36	1	0.4475394454506317	0.27429383999121204	2.0020692348480225	1000
GATAA	2	-+	36	2	0.41050457242684635	0.24152807081196281	1.8751749992370605	1000
GATAA	2	-+	36	3	0.4197442113574626	0.24878767348319555	1.769533395767212	1000
GATAA	2	-+	36	4	0.4178249709651591	0.23887962398000098	1.9942821264266968	1000
GATAA	2	++	37	0	0.3879091047955261	0.21474080553766925	1.7894999980926514	1000
GATAA	2	++	37	1	0.4276032165626149	0.25435761110319527	1.988250494003296	1000
GATAA	2	++	37	2	0.38470549796657916	0.2157289963516956	1.8572924137115479	1000
GATAA	2	++	37	3	0.38697786173676674	0.21602128086683695	1.746821641921997	1000
GATAA	2	++	37	4	0.3913202946840645	0.21237494769890639	1.9759105443954468	1000
GATAA	2	+-	37	0	0.32892976146959896	0.1557614622117421	1.748618483543396	1000
GATAA	2	+-	37	1	0.3457165150680278	0.1724709418553552	1.9314910173416138	1000
GATAA	2	+-	37	2	0.32551425051695765	0.15653778114882114	1.8162641525268555	1000
GATAA	2	+-	37	3	0.3181607453183538	0.14720418594625542	1.6991212368011475	1000
GATAA	2	+-	37	4	0.3757657107877422	0.19682032080692138	1.965128779411316	1000
GATAA	2	-+	37	0	0.37058408849555935	0.1974157892377025	1.7774912118911743	1000
GATAA	2	-+	37	1	0.3730188038881614	0.19977328442006717	1.9504154920578003	1000
GATAA	2	-+	37	2	0.3552640244415199	0.18628754432446767	1.8368849754333496	1000
GATAA	2	-+	37	3	0.3523781340622106	0.18142157469011216	1.7228388786315918	1000
GATAA	2	-+	37	4	0.41358177200740914	0.2346364035244197	1.9913409948349	1000
GATAA	2	++	38	0	0.3617730303308932	0.18860468807737366	1.7713837623596191	1000
GATAA	2	++	38	1	0.36189410611710066	0.1886485436533437	1.9427043199539185	1000
GATAA	2	++	38	2	0.3374906923664165	0.1685142122493643	1.8245656490325928	1000
GATAA	2	++	38	3	0.33788659642870267	0.16693002630768858	1.7127941846847534	1000
GATAA	2	++	38	4	0.38537919700567147	0.20643387151834475	1.971792459487915	1000
GATAA	2	+-	38	0	0.3758587104061963	0.20269036815267671	1.7811472415924072	1000
GATAA	2	+-	38	1	0.3938368308228145	0.22059122536339484	1.9648454189300537	1000
GATAA	2	+-	38	2	0.3664267518762527	0.19745031475486322	1.8446226119995117	1000
GATAA	2	+-	38	3	0.3627935753811131	0.19183701600901473	1.7300583124160767	1000
GATAA	2	+-	38	4	0.3765065260563337	0.19756113607551293	1.9656423330307007	1000
GATAA	2	-+	38	0	0.41712061601855044	0.24395229526286225	1.8097478151321411	1000
GATAA	2	-+	38	1	0.4526225216838702	0.2793769592201132	2.0055925846099854	1000
GATAA	2	-+	38	2	0.40537983339643635	0.2364033532793842	1.8716226816177368	1000
GATAA	2	-+	38	3	0.43112765702674644	0.2601710976546481	1.7774239778518677	1000
GATAA	2	-+	38	4	0.4080649985243574	0.2291196085435366	1.9875171184539795	1000
GATAA	2	++	39	0	0.42101924773529675	0.24785092697960853	1.8124500513076782	1000
GATAA	2	++	39	1	0.4413149203636168	0.2680692719085344	1.997754693031311	1000
GATAA	2	++	39	2	0.41349685557354565	0.24452033246083074	1.877249002456665	1000
GATAA	2	++	39	3	0.41057689113153417	0.2396202457681103	1.7631791830062866	1000
GATAA	2	++	39	4	0.42289549246488456	0.2439501239818951	1.997796893119812	1000
GATAA	2	+-	39	0	0.3417438233222537	0.1685755240643969	1.7575005292892456	1000
GATAA	2	+-	39	1	0.3527796920541439	0.17953411884147125	1.9363867044448853	1000
GATAA	2	+-	39	2	0.32809246393387337	0.15911599456573686	1.8180512189865112	1000
GATAA	2	+-	39	3	0.3210971985970168	0.15014063922491835	1.7011566162109375	1000
GATAA	2	+-	39	4	0.3747484764035514	0.19580310792056194	1.9644237756729126	1000
GATAA	2	-+	39	0	0.3693694610238408	0.19620116176598393	1.7766492366790771	1000
GATAA	2	-+	39	1	0.38743202492203266	0.21418646245827572	1.9604058265686035	1000
GATAA	2	-+	39	2	0.3587002593035901	0.18972382218220069	1.8392670154571533	1000
GATAA	2	-+	39	3	0.3595353425626859	0.1885787616927561	1.727799892425537	1000
GATAA	2	-+	39	4	0.41253929916920423	0.23359390918838344	1.9906184673309326	1000
GATAA	2	++	40	0	0.36479412057161203	0.19162575682026112	1.7734779119491577	1000
GATAA	2	++	40	1	0.3702118320477668	0.19696626958400984	1.948469877243042	1000
GATAA	2	++	40	2	0.3494350164558267	0.18045855783660586	1.832844853401184	1000
GATAA	2	++	40	3	0.342234769296973	0.17127820992487458	1.7158081531524658	1000
GATAA	2	++	40	4	0.3902994486642056	0.21135410167904747	1.9752029180526733	1000
GATAA	2	+-	40	0	0.372114175144623	0.19894589738459756	1.7785518169403076	1000
GATAA	2	+-	40	1	0.40588709622515623	0.23264157675706199	1.9731980562210083	1000
GATAA	2	+-	40	2	0.35623454403817006	0.18725810691678058	1.8375579118728638	1000
GATAA	2	+-	40	3	0.3580266032601605	0.18707002239023074	1.7267541885375977	1000
GATAA	2	+-	40	4	0.36626925876372507	0.18732391177856697	1.95854651927948	1000
GATAA	2	-+	40	0	0.4247037180560561	0.2515354187981993	1.8150039911270142	1000
GATAA	2	-+	40	1	0.473211467727574	0.2999659267616484	2.0198638439178467	1000
GATAA	2	-+	40	2	0.42125533691926864	0.2522788353043851	1.8826266527175903	1000
GATAA	2	-+	40	3	0.46418289450522915	0.29322633513313073	1.8003361225128174	1000
GATAA	2	-+	40	4	0.40907350478901694	0.2301281578038588	1.9882160425186157	1000
GATAA	2	++	41	0	0.4098209843853294	0.23665266362964119	1.8046882152557373	1000
GATAA	2	++	41	1	0.4420361726056727	0.26879061014191574	1.998254656791687	1000
GATAA	2	++	41	2	0.39681359253527343	0.227837155413884	1.8656851053237915	1000
GATAA	2	++	41	3	0.4077368556265112	0.23678029625441277	1.7612106800079346	1000
GATAA	2	++	41	4	0.4070293619965243	0.2280840150113662	1.9867993593215942	1000
GATAA	2	+-	41	0	0.3458024418999652	0.17263413189319263	1.760313868522644	1000
GATAA	2	+-	41	1	0.35130592972323776	0.1780603672594808	1.9353652000427246	1000
GATAA	2	+-	41	2	0.333966316395779	0.16498982552981117	1.8221228122711182	1000
GATAA	2	+-	41	3	0.3221177866428994	0.15116122727080097	1.7018641233444214	1000
GATAA	2	+-	41	4	0.38289692841010586	0.20395158142494774	1.9700720310211182	1000
GATAA	2	-+	41	0	0.35190614917474894	0.17873783916797642	1.7645447254180908	1000
GATAA	2	-+	41	1	0.37431538109301615	0.20106981862925918	1.9513142108917236	1000
GATAA	2	-+	41	2	0.3437857088424538	0.17480926097214866	1.82892906665802	1000
GATAA	2	-+	41	3	0.34562787950933943	0.17467128789049396	1.7181600332260132	1000
GATAA	2	-+	41	4	0.40976904562476885	0.23082376313310482	1.9886982440948486	1000
GATAA	2	++	42	0	0.35271513406657623	0.1795468348087194	1.7651053667068481	1000
GATAA	2	++	42	1	0.36729676911130493	0.1940512281453793	1.9464491605758667	1000
GATAA	2	++	42	2	0.3438530830459293	0.17487658143104576	1.8289755582809448	1000
GATAA	2	++	42	3	0.34620150614346096	0.1752449145246155	1.718557596206665	1000
GATAA	2	++	42	4	0.3907622969733401	0.21181692849035066	1.9755237102508545	1000
GATAA	2	+-	42	0	0.37056155876829633	0.19739321651477676	1.7774755954742432	1000
GATAA	2	+-	42	1	0.3859709463116277	0.21272540534570208	1.9593932628631592	1000
GATAA	2	+-	42	2	0.3619636301037119	0.19298719298232248	1.8415288925170898	1000
GATAA	2	+-	42	3	0.36292505611769776	0.19196847524776797	1.730149507522583	1000
GATAA	2	+-	42	4	0.3705352454227143	0.19158987693972487	1.9615033864974976	1000
GATAA	2	-+	42	0	0.41703625852830223	0.2438679162747827	1.8096892833709717	1000
GATAA	2	-+	42	1	0.4511935608335138	0.2779479553740941	2.0046019554138184	1000
GATAA	2	-+	42	2	0.40218650253087845	0.23321004391165764	1.869409203529358	1000
GATAA	2	-+	42	3	0.4153243002259511	0.2443677408538527	1.7664698362350464	1000
GATAA	2	-+	42	4	0.4037298748397213	0.22478450635673186	1.984512209892273	1000
GATAA	2	++	43	0	0.38841692656786125	0.21524864880783579	1.7898520231246948	1000
GATAA	2	++	43	1	0.4189389455904602	0.24569338312670325	1.982244849205017	1000
GATAA	2	++	43	2	0.3843690999014915	0.21539266278010202	1.857059359550476	1000
GATAA	2	++	43	3	0.3921974062034648	0.22124082533353503	1.7504394054412842	1000
GATAA	2	++	43	4	0.4161877391246079	0.23724241363728113	1.9931474924087524	1000
GATAA	2	+-	43	0	0.3423134513597427	0.1691451413529702	1.7578954696655273	1000
GATAA	2	+-	43	1	0.3508675029505257	0.17762191898893742	1.9350614547729492	1000
GATAA	2	+-	43	2	0.34019552801002995	0.17121905864189343	1.826440453529358	1000
GATAA	2	+-	43	3	0.3339280072602993	0.16297143713928525	1.7100502252578735	1000
GATAA	2	+-	43	4	0.3908524588780549	0.21190711189289685	1.9755862951278687	1000
GATAA	2	-+	43	0	0.34365403462538696	0.17048571386969874	1.7588247060775757	1000
GATAA	2	-+	43	1	0.3687616743356916	0.19551611187193463	1.9474645853042603	1000
GATAA	2	-+	43	2	0.33991270254068606	0.1709362116747182	1.8262443542480469	1000
GATAA	2	-+	43	3	0.33088339839207503	0.15992682827106094	1.7079399824142456	1000
GATAA	2	-+	43	4	0.40928143181391	0.23033602033525788	1.9883604049682617	1000
GATAA	2	++	44	0	0.3496632159356903	0.17649490592891776	1.76298987865448	1000
GATAA	2	++	44	1	0.368729556575643	0.19548401560971737	1.9474424123764038	1000
GATAA	2	++	44	2	0.34103439488744464	0.17205791477039248	1.8270219564437866	1000
GATAA	2	++	44	3	0.34400586813338957	0.17304928726345978	1.7170357704162598	1000
GATAA	2	++	44	4	0.3941234399104774	0.2151780929253193	1.977853536605835	1000
GATAA	2	+-	44	0	0.3762325146978466	0.20306423693782108	1.7814065217971802	1000
GATAA	2	+-	44	1	0.41518886388839665	0.24194327992680834	1.9796454906463623	1000
GATAA	2	+-	44	2	0.3683201088796013	0.19934367175821188	1.8459348678588867	1000
GATAA	2	+-	44	3	0.3693649464792556	0.19840836560932584	1.734613299369812	1000
GATAA	2	+-	44	4	0.37914585780779986	0.2002005323204731	1.967471957206726	1000
GATAA	2	-+	44	0	0.40672525367413614	0.23355693291844792	1.8025422096252441	1000
GATAA	2	-+	44	1	0.4458692359367775	0.2726237164686833	2.0009114742279053	1000
GATAA	2	-+	44	2	0.40232752830458596	0.23335102668970242	1.869507074356079	1000
GATAA	2	-+	44	3	0.42065915906005275	0.24970253519446026	1.7701677083969116	1000
GATAA	2	-+	44	4	0.410290325039534	0.23134495655654455	1.9890594482421875	1000
GATAA	2	++	45	0	0.38660440141041813	0.21343605915689856	1.7885955572128296	1000
GATAA	2	++	45	1	0.42498331885069635	0.25173771339127665	1.9864345788955688	1000
GATAA	2	++	45	2	0.38000366427464083	0.21102716265975727	1.854033350944519	1000
GATAA	2	++	45	3	0.3942583173044166	0.2233017794301495	1.7518681287765503	1000
GATAA	2	++	45	4	0.40150175360646817	0.22255638512347872	1.982967734336853	1000
GATAA	2	+-	45	0	0.3478769181325037	0.1747086081257312	1.761751651763916	1000
GATAA	2	+-	45	1	0.3497197982278241	0.17647421426623583	1.9342658519744873	1000
GATAA	2	+-	45	2	0.3327731437597556	0.1637966528937877	1.8212956190109253	1000
GATAA	2	+-	45	3	0.32899694219259223	0.1580403505737468	1.706632375717163	1000
GATAA	2	+-	45	4	0.37877781493495344	0.19983246794979534	1.9672167301177979	1000
GATAA	2	-+	45	0	0.3525942732586824	0.1794259525029942	1.7650214433670044	1000
GATAA	2	-+	45	1	0.36625683301720025	0.19301131354910597	1.9457285404205322	1000
GATAA	2	-+	45	2	0.3418493776742208	0.17287289755716861	1.8275867700576782	1000
GATAA	2	-+	45	3	0.3382987528514954	0.1673421827304813	1.713079810142517	1000
GATAA	2	-+	45	4	0.4061497137330237	0.2272043452500343	1.9861894845962524	1000
GATAA	2	++	46	0	0.34094814558803693	0.16777982483234874	1.7569490671157837	1000
GATAA	2	++	46	1	0.3481067084518878	0.17486113523921515	1.933147668838501	1000
GATAA	2	++	46	2	0.32529609052433817	0.15631963190511736	1.816112995147705	1000
GATAA	2	++	46	3	0.326550682464551	0.15559413384136828	1.7049367427825928	1000
GATAA	2	++	46	4	0.38076167780831865	0.20181633082316056	1.9685918092727661	1000
GATAA	2	+-	46	0	0.3696058941731144	0.1964375734174262	1.7768131494522095	1000
GATAA	2	+-	46	1	0.3862989602224858	0.2130533547630661	1.9596203565597534	1000
GATAA	2	+-	46	2	0.35630419701176946	0.1873277168947173	1.8376061916351318	1000
GATAA	2	+-	46	3	0.35827937476126615	0.18732279389133635	1.7269293069839478	1000
GATAA	2	+-	46	4	0.3714412930231223	0.19249592454013287	1.9621315002441406	1000
GATAA	2	-+	46	0	0.39803153067302116	0.22486323141516432	1.7965162992477417	1000
GATAA	2	-+	46	1	0.4214302862708589	0.24818470230927053	1.9839717149734497	1000
GATAA	2	-+	46	2	0.3793727029242879	0.21039615831374164	1.8535959720611572	1000
GATAA	2	-+	46	3	0.40887890641956565	0.23792234704746723	1.7620023488998413	1000
GATAA	2	-+	46	4	0.4064707623465219	0.22752539386353243	1.9864119291305542	1000
GATAA	2	++	47	0	0.39372323628191963	0.2205549370240628	1.793529987335205	1000
GATAA	2	++	47	1	0.40447124905192816	0.23122564359250847	1.9722167253494263	1000
GATAA	2	++	47	2	0.38443428132616847	0.21545784420477904	1.8571044206619263	1000
GATAA	2	++	47	3	0.38962205199811967	0.2186654711281899	1.7486543655395508	1000
GATAA	2	++	47	4	0.4030271967239586	0.2240818497388005	1.9840251207351685	1000
GATAA	2	+-	47	0	0.33544068066596316	0.16227238140810632	1.753131628036499	1000
GATAA	2	+-	47	1	0.34302247133575603	0.16977688737416768	1.9296234846115112	1000
GATAA	2	+-	47	2	0.3275026064370766	0.15852615856677152	1.8176424503326416	1000
GATAA	2	+-	47	3	0.3254646550200151	0.154508084899001	1.70418381690979	1000
GATAA	2	+-	47	4	0.3735027200720266	0.19455739458469992	1.9635603427886963	1000
GATAA	2	-+	47	0	0.3543897721336901	0.1812214728758333	1.766266107559204	1000
GATAA	2	-+	47	1	0.36561232803309185	0.19236674407150353	1.945281744003296	1000
GATAA	2	-+	47	2	0.3386033126283421	0.16962684326020558	1.8253368139266968	1000
GATAA	2	-+	47	3	0.3416966140845919	0.1707400439635778	1.7154350280761719	1000
GATAA	2	-+	47	4	0.39514084627731905	0.2161954777943296	1.9785587787628174	1000
GATAA	2	++	48	0	0.35776233041927846	0.18459403116142162	1.7686039209365845	1000
GATAA	2	++	48	1	0.3617121914681505	0.18846662900439354	1.9425781965255737	1000
GATAA	2	++	48	2	0.3360566365300283	0.1670801671618918	1.8235716819763184	1000
GATAA	2	++	48	3	0.3393224580829249	0.1683658987108265	1.713789463043213	1000
GATAA	2	++	48	4	0.3747645137857444	0.19581918829841763	1.9644349813461304	1000
GATAA	2	+-	48	0	0.36794419780047793	0.19477589854262112	1.7756613492965698	1000
GATAA	2	+-	48	1	0.3988205010838543	0.22557498161576003	1.9682997465133667	1000
GATAA	2	+-	48	2	0.34920256040535425	0.18022608028830206	1.8326835632324219	1000
GATAA	2	+-	48	3	0.35659876029703474	0.18564220092493636	1.7257643938064575	1000
GATAA	2	+-	48	4	0.35957004006249743	0.18062469307733933	1.9539028406143188	1000
GATAA	2	-+	48	0	0.39670872611390984	0.2235403838603903	1.795599341392517	1000
GATAA	2	-+	48	1	0.41044846308700234	0.23720287912541405	1.9763596057891846	1000
GATAA	2	-+	48	2	0.38663118770829	0.2176547290890692	1.858627200126648	1000
GATAA	2	-+	48	3	0.40670762545242267	0.23575106608032428	1.7604972124099731	1000
GATAA	2	-+	48	4	0.38921346421533237	0.21026813872800562	1.9744502305984497	1000
GATAA	2	++	49	0	0.3792734259390773	0.20610514817905184	1.783514142036438	1000
GATAA	2	++	49	1	0.3968559432630484	0.22361038079929146	1.9669381380081177	1000
GATAA	2	++	49	2	0.3629043322082688	0.1939278520912166	1.8421810865402222	1000
GATAA	2	++	49	3	0.36748113451302983	0.19652457514093144	1.7333074808120728	1000
GATAA	2	++	49	4	0.37588799045250565	0.19694266496517893	1.9652137756347656	1000
GATAA	2	+-	49	0	0.3403058118848957	0.1671375018781232	1.756503939628601	1000
GATAA	2	+-	49	1	0.34987705486420684	0.17663151389828122	1.9343749284744263	1000
GATAA	2	+-	49	2	0.32739543974775775	0.1584189596307056	1.817568063735962	1000
GATAA	2	+-	49	3	0.3276089347109726	0.1566523645899585	1.7056701183319092	1000
GATAA	2	+-	49	4	0.3661239764194087	0.18717865093208197	1.9584457874298096	1000
GATAA	2	-+	49	0	0.3307530785383837	0.15758479002944256	1.7498823404312134	1000
GATAA	2	-+	49	1	0.3377461081007791	0.16450052413919078	1.9259662628173828	1000
GATAA	2	-+	49	2	0.32537264430180346	0.15639614268691995	1.8161660432815552	1000
GATAA	2	-+	49	3	0.3198995329142395	0.14894296279322544	1.7003264427185059	1000
GATAA	2	-+	49	4	0.3826194344029387	0.20367408741778062	1.9698796272277832	1000
GATAA	2	++	50	0	0.34057932879326164	0.16741101878648915	1.7566934823989868	1000
GATAA	2	++	50	1	0.3450714726381355	0.17182587792763152	1.9310438632965088	1000
GATAA	2	++	50	2	0.3312864612322034	0.1623099918640669	1.8202651739120483	1000
GATAA	2	++	50	3	0.3281046747020846	0.15714809383215486	1.7060139179229736	1000
GATAA	2	++	50	4	0.3724129950004972	0.19346760501967636	1.962804913520813	1000
GATAA	2	+-	50	0	0.363178644536395	0.1900103452785381	1.7723581790924072	1000
GATAA	2	+-	50	1	0.38084745415543647	0.2076018916916795	1.9558420181274414	1000
GATAA	2	+-	50	2	0.3616046593156985	0.1926282006964777	1.8412801027297974	1000
GATAA	2	+-	50	3	0.366432298316743	0.19547571744681325	1.732580542564392	1000
GATAA	2	+-	50	4	0.36911101409525665	0.19016568860792996	1.960516095161438	1000
GATAA	2	-+	50	0	0.38944718863785494	0.21627886788216671	1.790566086769104	1000
GATAA	2	-+	50	1	0.406404506030277	0.23315898656218273	1.9735567569732666	1000
GATAA	2	-+	50	2	0.37825434274138975	0.2092779056200003	1.8528207540512085	1000
GATAA	2	-+	50	3	0.39364601607168226	0.22268945669958384	1.7514437437057495	1000
GATAA	2	-+	50	4	0.38584441007625536	0.20689908458892864	1.9721150398254395	1000
