motif_name	motif_seq	mean_log2fc	std_log2fc	sem_log2fc	n
AP1_2	TGACTCA	0.16708992	0.182876377139736	0.0025862625442642966	5000
CREB_ATF_3	TGAGTCA	0.16686243	0.1820130562514521	0.002574053445187661	5000
Grepeats	GGGGGNGGGGG	0.16424003	0.12150297493902086	0.0017183115248223218	5000
STAT	TTCCNGGAA	0.14270794	0.13923011502033253	0.0019690112003758835	5000
GATA	GATAA	0.09752983	0.1506468960624428	0.0021304688227911143	5000
CTCF	CCNNNAGGGGGCG	0.07836745	0.10287949417696084	0.0014549357631106238	5000
CREB_ATF_1	TGACGTCA	0.054228213	0.10521166028698037	0.0014879175686785813	5000
ETS	CGGAAG	0.032798894	0.0847702830606847	0.0011988328615779656	5000
NRF1	GCGCATGCGC	0.02619247	0.08216077410582594	0.001161928764920463	5000
E2F	TTTCCCGCCAAA	0.0056940718	0.07626267042615055	0.0010785169907037654	5000
NFI	TGGCNNNNNGCCA	0.004908154	0.07006212908951406	0.0009908281543001822	5000
Ebox_CACGTG	CACGTG	4.3126613e-05	0.06812789943004219	0.0009634740066796417	5000
REST	CAGCACCNNGGACAG	-0.004397594	0.08194637265194812	0.0011588967206385891	5000
TATAbox	TATAAAA	-0.0069364794	0.0716299610021319	0.0010130005576305507	5000
NFY	CCAAT	-0.008802781	0.06498204743123061	0.000918984952429876	5000
RFX_1	GTTGCCATGGCAAC	-0.013247934	0.07151686651928116	0.001011401295463805	5000
