motif_counts	orientation_pattern	spacing	log2_fc_vs_baseline_mean	log2_fc_vs_baseline_std	log2_fc_vs_baseline_sem	log2_fc_vs_single_mean	log2_fc_vs_single_std	log2_fc_vs_single_sem	mean_prediction_mean	mean_prediction_std	mean_prediction_sem	log2_fc_vs_single_E2F_mean	log2_fc_vs_single_E2F_std	log2_fc_vs_single_E2F_sem	log2_fc_vs_single_AP1_1_mean	log2_fc_vs_single_AP1_1_std	log2_fc_vs_single_AP1_1_sem
2	++	0	0.3733	0.0583	0.0261	0.2287	0.0564	0.0252	1.8517	0.1047	0.0468	0.3638	0.0601	0.0269	0.0936	0.0537	0.024
2	++	1	0.2354	0.0522	0.0234	0.0908	0.0482	0.0216	1.7561	0.1364	0.061	0.2259	0.0519	0.0232	-0.0443	0.0457	0.0204
2	++	2	0.2399	0.0154	0.0069	0.0953	0.0158	0.0071	1.7592	0.1081	0.0483	0.2304	0.0171	0.0076	-0.0398	0.0186	0.0083
2	++	3	0.3328	0.0275	0.0123	0.1882	0.0204	0.0091	1.8236	0.1209	0.0541	0.3234	0.0264	0.0118	0.0531	0.0166	0.0074
2	++	4	0.3669	0.0102	0.0046	0.2224	0.0103	0.0046	1.8473	0.1071	0.0479	0.3575	0.0118	0.0053	0.0872	0.0146	0.0065
2	++	5	0.365	0.0332	0.0149	0.2204	0.0304	0.0136	1.8459	0.1283	0.0574	0.3556	0.0315	0.0141	0.0853	0.0316	0.0141
2	++	6	0.3318	0.0228	0.0102	0.1872	0.0176	0.0079	1.8229	0.1203	0.0538	0.3224	0.0214	0.0096	0.0521	0.0174	0.0078
2	++	7	0.3318	0.0378	0.0169	0.1873	0.0307	0.0137	1.8229	0.1189	0.0532	0.3224	0.0363	0.0162	0.0521	0.0265	0.0119
2	++	8	0.3032	0.0273	0.0122	0.1586	0.0204	0.0091	1.8031	0.1047	0.0468	0.2937	0.0269	0.012	0.0235	0.0157	0.007
2	++	9	0.3183	0.0196	0.0088	0.1737	0.0144	0.0064	1.8135	0.1167	0.0522	0.3089	0.0183	0.0082	0.0386	0.0148	0.0066
2	++	10	0.314	0.0139	0.0062	0.1695	0.0069	0.0031	1.8106	0.107	0.0479	0.3046	0.013	0.0058	0.0343	0.0082	0.0036
2	++	11	0.3183	0.0247	0.0111	0.1738	0.0175	0.0078	1.8136	0.1068	0.0478	0.3089	0.0239	0.0107	0.0386	0.0133	0.006
2	++	12	0.2857	0.0232	0.0104	0.1411	0.0187	0.0084	1.7909	0.1002	0.0448	0.2763	0.0229	0.0102	0.006	0.0178	0.008
2	++	13	0.298	0.0205	0.0092	0.1534	0.015	0.0067	1.7995	0.1145	0.0512	0.2886	0.0187	0.0084	0.0183	0.0156	0.007
2	++	14	0.3032	0.0136	0.0061	0.1587	0.0092	0.0041	1.8031	0.1061	0.0474	0.2938	0.0139	0.0062	0.0235	0.0108	0.0048
2	++	15	0.2974	0.0177	0.0079	0.1528	0.0098	0.0044	1.7991	0.1116	0.0499	0.288	0.0166	0.0074	0.0177	0.0074	0.0033
2	++	16	0.2903	0.0268	0.012	0.1458	0.0203	0.0091	1.7942	0.1055	0.0472	0.2809	0.0265	0.0118	0.0106	0.0161	0.0072
2	++	17	0.2996	0.0243	0.0109	0.155	0.0185	0.0083	1.8006	0.1187	0.0531	0.2902	0.0229	0.0102	0.0199	0.0173	0.0077
2	++	18	0.3123	0.0117	0.0052	0.1677	0.0059	0.0026	1.8094	0.1054	0.0471	0.3029	0.012	0.0054	0.0326	0.0079	0.0036
2	++	19	0.3127	0.0247	0.0111	0.1682	0.0174	0.0078	1.8097	0.1159	0.0519	0.3033	0.0234	0.0105	0.033	0.014	0.0063
2	++	20	0.2952	0.0256	0.0115	0.1506	0.019	0.0085	1.7975	0.1032	0.0462	0.2858	0.0254	0.0113	0.0155	0.0148	0.0066
2	++	21	0.304	0.0207	0.0093	0.1595	0.014	0.0063	1.8037	0.1172	0.0524	0.2946	0.0195	0.0087	0.0243	0.0123	0.0055
2	++	22	0.3114	0.011	0.0049	0.1668	0.0058	0.0026	1.8087	0.1058	0.0473	0.3019	0.0113	0.0051	0.0317	0.0089	0.004
2	++	23	0.3179	0.0179	0.008	0.1733	0.0094	0.0042	1.8133	0.1093	0.0489	0.3084	0.0173	0.0077	0.0382	0.0039	0.0018
2	++	24	0.2893	0.0209	0.0093	0.1447	0.0133	0.006	1.7934	0.1063	0.0476	0.2798	0.0203	0.0091	0.0096	0.0092	0.0041
2	++	25	0.2923	0.0196	0.0087	0.1478	0.013	0.0058	1.7955	0.1163	0.052	0.2829	0.0181	0.0081	0.0126	0.0121	0.0054
2	++	26	0.3046	0.0112	0.005	0.1601	0.0028	0.0013	1.8041	0.1082	0.0484	0.2952	0.011	0.0049	0.0249	0.0059	0.0026
2	++	27	0.3052	0.0136	0.0061	0.1607	0.0068	0.003	1.8045	0.1121	0.0501	0.2958	0.0127	0.0057	0.0255	0.0084	0.0038
2	++	28	0.2885	0.0203	0.0091	0.1439	0.0145	0.0065	1.7929	0.1035	0.0463	0.2791	0.0199	0.0089	0.0088	0.0128	0.0057
2	++	29	0.295	0.0192	0.0086	0.1505	0.0129	0.0058	1.7974	0.1154	0.0516	0.2856	0.0179	0.008	0.0153	0.0124	0.0055
2	++	30	0.3043	0.0118	0.0053	0.1598	0.0056	0.0025	1.8039	0.1086	0.0486	0.2949	0.0119	0.0053	0.0246	0.0078	0.0035
2	++	31	0.3054	0.0168	0.0075	0.1609	0.0087	0.0039	1.8046	0.1128	0.0505	0.296	0.016	0.0072	0.0257	0.0057	0.0025
2	++	32	0.2843	0.0204	0.0091	0.1397	0.0131	0.0059	1.79	0.1059	0.0474	0.2749	0.0199	0.0089	0.0046	0.0093	0.0042
2	++	33	0.2932	0.0175	0.0078	0.1487	0.0112	0.005	1.7962	0.1147	0.0513	0.2838	0.0162	0.0072	0.0135	0.0113	0.0051
2	++	34	0.2823	0.0151	0.0067	0.1378	0.0081	0.0036	1.7886	0.1064	0.0476	0.2729	0.0144	0.0064	0.0026	0.0079	0.0035
2	++	35	0.2782	0.0223	0.01	0.1337	0.0141	0.0063	1.7858	0.1116	0.0499	0.2688	0.0212	0.0095	-0.0015	0.0095	0.0043
2	++	36	0.2914	0.0224	0.01	0.1468	0.0155	0.0069	1.7949	0.1045	0.0467	0.282	0.022	0.0098	0.0117	0.0117	0.0052
2	++	37	0.2997	0.0186	0.0083	0.1551	0.011	0.0049	1.8006	0.1138	0.0509	0.2902	0.0175	0.0078	0.02	0.0086	0.0039
2	++	38	0.2947	0.0107	0.0048	0.1501	0.0047	0.0021	1.7972	0.1073	0.048	0.2853	0.0112	0.005	0.015	0.0077	0.0034
2	++	39	0.3013	0.0136	0.0061	0.1567	0.0049	0.0022	1.8018	0.1089	0.0487	0.2919	0.0133	0.0059	0.0216	0.0035	0.0016
2	++	40	0.2837	0.0195	0.0087	0.1392	0.0121	0.0054	1.7896	0.1072	0.0479	0.2743	0.0187	0.0084	0.004	0.009	0.004
2	++	41	0.2862	0.0172	0.0077	0.1417	0.0111	0.005	1.7913	0.1143	0.0511	0.2768	0.0157	0.007	0.0065	0.0119	0.0053
2	++	42	0.2766	0.0146	0.0065	0.132	0.0076	0.0034	1.7846	0.1069	0.0478	0.2671	0.0138	0.0062	-0.0031	0.0082	0.0037
2	++	43	0.2753	0.0178	0.0079	0.1308	0.01	0.0045	1.7838	0.1102	0.0493	0.2659	0.0166	0.0074	-0.0044	0.0081	0.0036
2	++	44	0.2836	0.0151	0.0067	0.139	0.0082	0.0037	1.7895	0.1054	0.0472	0.2741	0.015	0.0067	0.0039	0.0071	0.0032
2	++	45	0.2865	0.0152	0.0068	0.1419	0.0077	0.0035	1.7915	0.1124	0.0503	0.2771	0.0144	0.0065	0.0068	0.0071	0.0032
2	++	46	0.2879	0.0161	0.0072	0.1434	0.0079	0.0035	1.7925	0.1076	0.0481	0.2785	0.0158	0.0071	0.0082	0.0038	0.0017
2	++	47	0.2882	0.0208	0.0093	0.1436	0.0123	0.0055	1.7927	0.1129	0.0505	0.2788	0.02	0.0089	0.0085	0.0065	0.0029
2	++	48	0.2825	0.0201	0.009	0.1379	0.0121	0.0054	1.7887	0.1074	0.048	0.2731	0.0197	0.0088	0.0028	0.0065	0.0029
2	++	49	0.2853	0.0195	0.0087	0.1407	0.0117	0.0052	1.7907	0.1141	0.051	0.2759	0.0187	0.0083	0.0056	0.008	0.0036
2	++	50	0.3001	0.0173	0.0077	0.1556	0.0086	0.0039	1.801	0.1093	0.0489	0.2907	0.0167	0.0075	0.0204	0.0029	0.0013
2	+-	0	0.4105	0.054	0.0242	0.2659	0.05	0.0223	1.8774	0.0988	0.0442	0.4011	0.0554	0.0248	0.1308	0.0454	0.0203
2	+-	1	0.2702	0.0576	0.0258	0.1256	0.0525	0.0235	1.7802	0.1361	0.0609	0.2607	0.0571	0.0255	-0.0095	0.0489	0.0219
2	+-	2	0.2642	0.0277	0.0124	0.1196	0.0222	0.0099	1.776	0.1097	0.0491	0.2547	0.0282	0.0126	-0.0155	0.0182	0.0081
2	+-	3	0.3251	0.027	0.0121	0.1806	0.02	0.009	1.8183	0.1206	0.0539	0.3157	0.0257	0.0115	0.0454	0.0168	0.0075
2	+-	4	0.3393	0.0155	0.0069	0.1947	0.0091	0.0041	1.8281	0.1145	0.0512	0.3299	0.0146	0.0065	0.0596	0.0096	0.0043
2	+-	5	0.3506	0.0363	0.0162	0.206	0.0308	0.0138	1.8359	0.127	0.0568	0.3411	0.0345	0.0154	0.0709	0.0291	0.013
2	+-	6	0.3208	0.0202	0.009	0.1763	0.0153	0.0068	1.8153	0.1182	0.0529	0.3114	0.0192	0.0086	0.0411	0.0155	0.0069
2	+-	7	0.3247	0.0334	0.0149	0.1802	0.0259	0.0116	1.818	0.117	0.0523	0.3153	0.032	0.0143	0.045	0.0215	0.0096
2	+-	8	0.2933	0.0341	0.0153	0.1488	0.0267	0.0119	1.7963	0.1051	0.047	0.2839	0.0338	0.0151	0.0136	0.0205	0.0092
2	+-	9	0.3035	0.0209	0.0094	0.1589	0.0131	0.0059	1.8033	0.115	0.0514	0.2941	0.0196	0.0088	0.0238	0.0099	0.0044
2	+-	10	0.3096	0.0155	0.0069	0.165	0.0094	0.0042	1.8075	0.1054	0.0471	0.3002	0.0149	0.0067	0.0299	0.0096	0.0043
2	+-	11	0.3155	0.0249	0.0111	0.171	0.0178	0.008	1.8116	0.1053	0.0471	0.3061	0.0243	0.0109	0.0358	0.0136	0.0061
2	+-	12	0.2911	0.0227	0.0102	0.1466	0.0195	0.0087	1.7947	0.0978	0.0437	0.2817	0.0226	0.0101	0.0114	0.0196	0.0088
2	+-	13	0.3067	0.0169	0.0076	0.1621	0.0112	0.005	1.8055	0.1137	0.0509	0.2972	0.0153	0.0068	0.027	0.0126	0.0056
2	+-	14	0.3019	0.0136	0.0061	0.1573	0.009	0.004	1.8022	0.1064	0.0476	0.2924	0.0139	0.0062	0.0222	0.0105	0.0047
2	+-	15	0.2951	0.0193	0.0086	0.1505	0.0113	0.0051	1.7975	0.1119	0.05	0.2857	0.0182	0.0081	0.0154	0.008	0.0036
2	+-	16	0.2918	0.0257	0.0115	0.1472	0.0195	0.0087	1.7952	0.1039	0.0465	0.2823	0.0255	0.0114	0.0121	0.0158	0.0071
2	+-	17	0.3028	0.0217	0.0097	0.1582	0.0154	0.0069	1.8028	0.1166	0.0521	0.2933	0.0202	0.009	0.0231	0.0142	0.0064
2	+-	18	0.3124	0.0112	0.005	0.1679	0.0068	0.003	1.8095	0.1044	0.0467	0.303	0.0114	0.0051	0.0327	0.01	0.0045
2	+-	19	0.3134	0.022	0.0098	0.1689	0.0146	0.0065	1.8102	0.1144	0.0512	0.304	0.0206	0.0092	0.0337	0.0118	0.0053
2	+-	20	0.2972	0.0237	0.0106	0.1526	0.018	0.008	1.7989	0.1024	0.0458	0.2877	0.0235	0.0105	0.0175	0.0152	0.0068
2	+-	21	0.3076	0.0175	0.0078	0.163	0.0119	0.0053	1.8061	0.1161	0.0519	0.2981	0.0164	0.0073	0.0279	0.0123	0.0055
2	+-	22	0.3093	0.0094	0.0042	0.1647	0.0049	0.0022	1.8073	0.1082	0.0484	0.2999	0.0099	0.0044	0.0296	0.0095	0.0042
2	+-	23	0.3142	0.0174	0.0078	0.1697	0.0087	0.0039	1.8107	0.111	0.0497	0.3048	0.0166	0.0074	0.0345	0.0039	0.0018
2	+-	24	0.284	0.0202	0.009	0.1394	0.0127	0.0057	1.7898	0.1064	0.0476	0.2746	0.0196	0.0088	0.0043	0.0089	0.004
2	+-	25	0.2889	0.0182	0.0081	0.1443	0.0117	0.0052	1.7932	0.1156	0.0517	0.2795	0.0168	0.0075	0.0092	0.0115	0.0052
2	+-	26	0.3005	0.0129	0.0058	0.156	0.0045	0.002	1.8012	0.109	0.0487	0.2911	0.0127	0.0057	0.0208	0.0043	0.0019
2	+-	27	0.3017	0.0158	0.0071	0.1571	0.0087	0.0039	1.802	0.1132	0.0506	0.2922	0.0151	0.0067	0.022	0.0079	0.0035
2	+-	28	0.2899	0.0207	0.0093	0.1454	0.0147	0.0066	1.7939	0.1044	0.0467	0.2805	0.0202	0.0091	0.0102	0.0126	0.0056
2	+-	29	0.2981	0.0199	0.0089	0.1535	0.0136	0.0061	1.7995	0.1161	0.0519	0.2887	0.0186	0.0083	0.0184	0.0128	0.0057
2	+-	30	0.3057	0.0107	0.0048	0.1611	0.0051	0.0023	1.8048	0.108	0.0483	0.2963	0.0109	0.0049	0.026	0.0085	0.0038
2	+-	31	0.3053	0.0163	0.0073	0.1607	0.008	0.0036	1.8045	0.1122	0.0502	0.2959	0.0154	0.0069	0.0256	0.0054	0.0024
2	+-	32	0.2825	0.0208	0.0093	0.1379	0.0139	0.0062	1.7887	0.1053	0.0471	0.2731	0.0204	0.0091	0.0028	0.0104	0.0047
2	+-	33	0.2922	0.0166	0.0074	0.1476	0.0101	0.0045	1.7955	0.1137	0.0508	0.2828	0.0151	0.0068	0.0125	0.0106	0.0047
2	+-	34	0.2805	0.0148	0.0066	0.136	0.0084	0.0037	1.7874	0.106	0.0474	0.2711	0.014	0.0063	0.0008	0.0091	0.0041
2	+-	35	0.2769	0.0215	0.0096	0.1323	0.0134	0.006	1.7849	0.1115	0.0499	0.2675	0.0203	0.0091	-0.0028	0.0092	0.0041
2	+-	36	0.2907	0.0229	0.0102	0.1461	0.016	0.0071	1.7944	0.1049	0.0469	0.2813	0.0225	0.0101	0.011	0.012	0.0054
2	+-	37	0.3004	0.0184	0.0082	0.1559	0.011	0.0049	1.8012	0.1138	0.0509	0.291	0.0175	0.0078	0.0207	0.0086	0.0039
2	+-	38	0.294	0.012	0.0054	0.1494	0.0056	0.0025	1.7967	0.1078	0.0482	0.2845	0.0124	0.0055	0.0143	0.007	0.0031
2	+-	39	0.299	0.015	0.0067	0.1545	0.0064	0.0028	1.8002	0.1091	0.0488	0.2896	0.0145	0.0065	0.0193	0.0032	0.0014
2	+-	40	0.2842	0.0189	0.0084	0.1397	0.0112	0.005	1.79	0.1083	0.0484	0.2748	0.018	0.0081	0.0045	0.0081	0.0036
2	+-	41	0.2876	0.0167	0.0075	0.143	0.0109	0.0049	1.7923	0.1146	0.0512	0.2782	0.0152	0.0068	0.0079	0.012	0.0054
2	+-	42	0.2769	0.0137	0.0061	0.1323	0.0072	0.0032	1.7848	0.1073	0.048	0.2674	0.0128	0.0057	-0.0028	0.0089	0.004
2	+-	43	0.2758	0.0173	0.0077	0.1313	0.0098	0.0044	1.7841	0.1109	0.0496	0.2664	0.0159	0.0071	-0.0039	0.0089	0.004
2	+-	44	0.2864	0.0173	0.0077	0.1418	0.0113	0.0051	1.7914	0.1042	0.0466	0.2769	0.0171	0.0077	0.0067	0.0102	0.0045
2	+-	45	0.2909	0.0161	0.0072	0.1463	0.0088	0.0039	1.7945	0.1111	0.0497	0.2815	0.0155	0.0069	0.0112	0.0075	0.0034
2	+-	46	0.2905	0.0145	0.0065	0.146	0.0061	0.0027	1.7943	0.1079	0.0483	0.2811	0.0141	0.0063	0.0108	0.004	0.0018
2	+-	47	0.2894	0.0201	0.009	0.1449	0.0116	0.0052	1.7935	0.1131	0.0506	0.28	0.0191	0.0086	0.0097	0.0066	0.003
2	+-	48	0.284	0.0201	0.009	0.1394	0.0124	0.0055	1.7898	0.1066	0.0477	0.2746	0.0197	0.0088	0.0043	0.0075	0.0033
2	+-	49	0.287	0.0183	0.0082	0.1424	0.0102	0.0046	1.7918	0.113	0.0505	0.2775	0.0175	0.0078	0.0073	0.0064	0.0029
2	+-	50	0.2993	0.0172	0.0077	0.1547	0.0085	0.0038	1.8004	0.111	0.0497	0.2898	0.0164	0.0073	0.0196	0.0039	0.0018
2	-+	0	0.5185	0.0955	0.0427	0.3739	0.0927	0.0415	1.9523	0.1652	0.0739	0.509	0.0935	0.0418	0.2388	0.0927	0.0414
2	-+	1	0.2129	0.0412	0.0184	0.0683	0.033	0.0147	1.7405	0.118	0.0528	0.2034	0.0403	0.018	-0.0668	0.0263	0.0118
2	-+	2	0.2436	0.0247	0.0111	0.099	0.02	0.0089	1.7618	0.1101	0.0493	0.2342	0.0251	0.0112	-0.0361	0.0175	0.0078
2	-+	3	0.3129	0.0268	0.012	0.1684	0.0247	0.011	1.8098	0.1181	0.0528	0.3035	0.0252	0.0113	0.0332	0.0269	0.012
2	-+	4	0.344	0.0284	0.0127	0.1994	0.029	0.013	1.8314	0.1202	0.0538	0.3346	0.0291	0.013	0.0643	0.0313	0.014
2	-+	5	0.3117	0.0318	0.0142	0.1671	0.0242	0.0108	1.809	0.108	0.0483	0.3022	0.031	0.0138	0.032	0.0187	0.0084
2	-+	6	0.3162	0.031	0.0139	0.1716	0.024	0.0107	1.8121	0.1119	0.05	0.3068	0.0299	0.0134	0.0365	0.0199	0.0089
2	-+	7	0.2983	0.0065	0.0029	0.1537	0.0089	0.004	1.7997	0.1096	0.049	0.2888	0.0047	0.0021	0.0186	0.0166	0.0074
2	-+	8	0.308	0.0185	0.0083	0.1635	0.0149	0.0067	1.8064	0.1182	0.0529	0.2986	0.0171	0.0077	0.0283	0.017	0.0076
2	-+	9	0.3027	0.0336	0.015	0.1581	0.0279	0.0125	1.8027	0.0994	0.0445	0.2932	0.0336	0.015	0.023	0.0236	0.0106
2	-+	10	0.3198	0.03	0.0134	0.1752	0.0218	0.0098	1.8146	0.1177	0.0526	0.3104	0.0287	0.0128	0.0401	0.0164	0.0073
2	-+	11	0.3192	0.0179	0.008	0.1747	0.0156	0.007	1.8142	0.1021	0.0456	0.3098	0.0186	0.0083	0.0395	0.0168	0.0075
2	-+	12	0.2938	0.0092	0.0041	0.1493	0.0066	0.003	1.7966	0.111	0.0497	0.2844	0.0074	0.0033	0.0141	0.0131	0.0059
2	-+	13	0.2845	0.0302	0.0135	0.1399	0.0254	0.0113	1.7901	0.0994	0.0445	0.275	0.0297	0.0133	0.0048	0.0234	0.0105
2	-+	14	0.2991	0.0193	0.0086	0.1545	0.0105	0.0047	1.8002	0.1106	0.0495	0.2896	0.0186	0.0083	0.0194	0.0041	0.0018
2	-+	15	0.2963	0.0124	0.0056	0.1517	0.01	0.0045	1.7983	0.1068	0.0478	0.2869	0.0132	0.0059	0.0166	0.0129	0.0058
2	-+	16	0.2951	0.0237	0.0106	0.1505	0.0175	0.0078	1.7974	0.1198	0.0536	0.2856	0.0226	0.0101	0.0154	0.0155	0.0069
2	-+	17	0.2841	0.0254	0.0113	0.1395	0.0185	0.0083	1.7898	0.1053	0.0471	0.2746	0.025	0.0112	0.0044	0.0141	0.0063
2	-+	18	0.3122	0.0156	0.007	0.1676	0.007	0.0031	1.8093	0.1105	0.0494	0.3028	0.015	0.0067	0.0325	0.0035	0.0016
2	-+	19	0.3081	0.0118	0.0053	0.1636	0.0058	0.0026	1.8065	0.1076	0.0481	0.2987	0.0117	0.0052	0.0284	0.0083	0.0037
2	-+	20	0.2991	0.0167	0.0075	0.1546	0.0101	0.0045	1.8003	0.1145	0.0512	0.2897	0.0153	0.0068	0.0194	0.0105	0.0047
2	-+	21	0.2881	0.0228	0.0102	0.1436	0.016	0.0071	1.7926	0.1035	0.0463	0.2787	0.0227	0.0101	0.0084	0.0117	0.0052
2	-+	22	0.3106	0.0152	0.0068	0.1661	0.0074	0.0033	1.8082	0.1082	0.0484	0.3012	0.0144	0.0064	0.0309	0.0065	0.0029
2	-+	23	0.3087	0.0121	0.0054	0.1642	0.0092	0.0041	1.8069	0.1034	0.0462	0.2993	0.0131	0.0059	0.029	0.0117	0.0052
2	-+	24	0.3002	0.0189	0.0084	0.1556	0.0135	0.006	1.801	0.1175	0.0525	0.2907	0.0175	0.0078	0.0205	0.0141	0.0063
2	-+	25	0.2841	0.0243	0.0109	0.1395	0.0172	0.0077	1.7898	0.1048	0.0468	0.2747	0.0238	0.0106	0.0044	0.0127	0.0057
2	-+	26	0.3025	0.0165	0.0074	0.158	0.0089	0.004	1.8026	0.1103	0.0493	0.2931	0.0153	0.0069	0.0228	0.0079	0.0035
2	-+	27	0.2967	0.0094	0.0042	0.1521	0.0061	0.0027	1.7986	0.1044	0.0467	0.2872	0.0094	0.0042	0.017	0.0112	0.005
2	-+	28	0.295	0.0139	0.0062	0.1505	0.0085	0.0038	1.7974	0.1131	0.0506	0.2856	0.0123	0.0055	0.0153	0.0115	0.0052
2	-+	29	0.2874	0.0234	0.0105	0.1428	0.0185	0.0083	1.7921	0.1013	0.0453	0.278	0.0233	0.0104	0.0077	0.0167	0.0075
2	-+	30	0.3029	0.0132	0.0059	0.1583	0.0053	0.0024	1.8029	0.1111	0.0497	0.2935	0.0121	0.0054	0.0232	0.0071	0.0032
2	-+	31	0.3023	0.0107	0.0048	0.1578	0.0066	0.003	1.8025	0.1062	0.0475	0.2929	0.0111	0.005	0.0226	0.0101	0.0045
2	-+	32	0.2922	0.0174	0.0078	0.1476	0.0116	0.0052	1.7955	0.1159	0.0518	0.2828	0.0162	0.0073	0.0125	0.0121	0.0054
2	-+	33	0.2843	0.0203	0.0091	0.1398	0.0137	0.0061	1.79	0.105	0.047	0.2749	0.0199	0.0089	0.0046	0.011	0.0049
2	-+	34	0.2809	0.0188	0.0084	0.1364	0.0117	0.0052	1.7877	0.1093	0.0489	0.2715	0.0175	0.0078	0.0012	0.0102	0.0045
2	-+	35	0.2765	0.0154	0.0069	0.1319	0.0089	0.004	1.7846	0.1056	0.0472	0.2671	0.0148	0.0066	-0.0032	0.0089	0.004
2	-+	36	0.2975	0.0147	0.0066	0.1529	0.0078	0.0035	1.7991	0.1129	0.0505	0.2881	0.0133	0.006	0.0178	0.0092	0.0041
2	-+	37	0.2913	0.0216	0.0097	0.1467	0.0144	0.0064	1.7948	0.105	0.047	0.2818	0.0214	0.0096	0.0116	0.0098	0.0044
2	-+	38	0.2968	0.0135	0.006	0.1523	0.0051	0.0023	1.7987	0.1098	0.0491	0.2874	0.0129	0.0058	0.0171	0.005	0.0022
2	-+	39	0.2989	0.0084	0.0038	0.1544	0.0053	0.0024	1.8001	0.1056	0.0472	0.2895	0.0092	0.0041	0.0192	0.0105	0.0047
2	-+	40	0.2929	0.017	0.0076	0.1484	0.0113	0.0051	1.796	0.1154	0.0516	0.2835	0.0155	0.0069	0.0132	0.0124	0.0056
2	-+	41	0.279	0.0204	0.0091	0.1344	0.013	0.0058	1.7863	0.1069	0.0478	0.2696	0.0197	0.0088	-0.0007	0.0096	0.0043
2	-+	42	0.2749	0.0198	0.0089	0.1304	0.0129	0.0057	1.7835	0.1105	0.0494	0.2655	0.0185	0.0083	-0.0048	0.0113	0.005
2	-+	43	0.2744	0.0135	0.0061	0.1299	0.0072	0.0032	1.7831	0.1065	0.0476	0.265	0.0127	0.0057	-0.0053	0.0091	0.0041
2	-+	44	0.2904	0.0127	0.0057	0.1458	0.0067	0.003	1.7942	0.1131	0.0506	0.281	0.0116	0.0052	0.0107	0.0098	0.0044
2	-+	45	0.2799	0.0172	0.0077	0.1354	0.0109	0.0049	1.787	0.1042	0.0466	0.2705	0.0172	0.0077	0.0002	0.0089	0.004
2	-+	46	0.2883	0.0175	0.0078	0.1438	0.0096	0.0043	1.7928	0.1105	0.0494	0.2789	0.0164	0.0073	0.0086	0.0073	0.0032
2	-+	47	0.2877	0.0156	0.007	0.1431	0.007	0.0031	1.7923	0.1088	0.0487	0.2783	0.0152	0.0068	0.008	0.0023	0.001
2	-+	48	0.2888	0.0181	0.0081	0.1442	0.0105	0.0047	1.7931	0.1147	0.0513	0.2794	0.0171	0.0076	0.0091	0.0081	0.0036
2	-+	49	0.2802	0.019	0.0085	0.1357	0.0111	0.005	1.7872	0.107	0.0478	0.2708	0.0186	0.0083	0.0005	0.0063	0.0028
2	-+	50	0.3021	0.0179	0.008	0.1575	0.0096	0.0043	1.8023	0.1115	0.0499	0.2927	0.0168	0.0075	0.0224	0.0067	0.003
2	--	0	0.6222	0.0639	0.0286	0.4777	0.0617	0.0276	2.0242	0.1392	0.0623	0.6128	0.0617	0.0276	0.3425	0.0627	0.028
2	--	1	0.2646	0.0569	0.0254	0.12	0.0515	0.023	1.7763	0.1155	0.0516	0.2551	0.0563	0.0252	-0.0152	0.0477	0.0213
2	--	2	0.2349	0.0256	0.0114	0.0903	0.0184	0.0082	1.7557	0.1111	0.0497	0.2254	0.025	0.0112	-0.0448	0.0139	0.0062
2	--	3	0.2965	0.0241	0.0108	0.152	0.0236	0.0106	1.7985	0.1175	0.0526	0.2871	0.0219	0.0098	0.0168	0.0278	0.0124
2	--	4	0.334	0.0347	0.0155	0.1895	0.0341	0.0153	1.8245	0.126	0.0563	0.3246	0.035	0.0157	0.0543	0.0352	0.0157
2	--	5	0.3124	0.0344	0.0154	0.1679	0.0264	0.0118	1.8095	0.1121	0.0501	0.303	0.0335	0.015	0.0327	0.0203	0.0091
2	--	6	0.3086	0.0257	0.0115	0.164	0.0182	0.0082	1.8068	0.1129	0.0505	0.2992	0.0245	0.011	0.0289	0.0143	0.0064
2	--	7	0.2871	0.0065	0.0029	0.1426	0.0117	0.0052	1.792	0.1094	0.0489	0.2777	0.006	0.0027	0.0074	0.0194	0.0087
2	--	8	0.2991	0.0195	0.0087	0.1546	0.0133	0.006	1.8003	0.1168	0.0522	0.2897	0.0181	0.0081	0.0194	0.0129	0.0058
2	--	9	0.2887	0.0366	0.0164	0.1441	0.0303	0.0136	1.793	0.0994	0.0445	0.2793	0.0366	0.0164	0.009	0.0252	0.0113
2	--	10	0.3126	0.0325	0.0145	0.1681	0.0241	0.0108	1.8096	0.1179	0.0527	0.3032	0.0314	0.014	0.0329	0.0177	0.0079
2	--	11	0.3163	0.0199	0.0089	0.1717	0.0176	0.0079	1.8122	0.0995	0.0445	0.3069	0.0208	0.0093	0.0366	0.0181	0.0081
2	--	12	0.301	0.0052	0.0023	0.1564	0.0072	0.0032	1.8016	0.1085	0.0485	0.2916	0.0032	0.0014	0.0213	0.0152	0.0068
2	--	13	0.2933	0.0288	0.0129	0.1488	0.0243	0.0109	1.7962	0.0987	0.0441	0.2839	0.0284	0.0127	0.0136	0.0226	0.0101
2	--	14	0.2985	0.0196	0.0087	0.1539	0.0109	0.0049	1.7998	0.1115	0.0499	0.2891	0.0186	0.0083	0.0188	0.0055	0.0025
2	--	15	0.2956	0.0131	0.0059	0.1511	0.0096	0.0043	1.7978	0.1073	0.048	0.2862	0.0136	0.0061	0.0159	0.0117	0.0052
2	--	16	0.2954	0.0212	0.0095	0.1509	0.0146	0.0065	1.7977	0.1178	0.0527	0.286	0.02	0.0089	0.0157	0.013	0.0058
2	--	17	0.2869	0.0253	0.0113	0.1423	0.019	0.0085	1.7918	0.1028	0.046	0.2775	0.0251	0.0112	0.0072	0.0152	0.0068
2	--	18	0.3137	0.0137	0.0061	0.1692	0.0052	0.0023	1.8104	0.1089	0.0487	0.3043	0.0131	0.0059	0.034	0.0047	0.0021
2	--	19	0.3095	0.01	0.0045	0.165	0.0052	0.0023	1.8075	0.1062	0.0475	0.3001	0.01	0.0045	0.0298	0.0097	0.0043
2	--	20	0.3017	0.0142	0.0064	0.1571	0.009	0.004	1.8021	0.1138	0.0509	0.2923	0.0127	0.0057	0.022	0.0119	0.0053
2	--	21	0.2913	0.0197	0.0088	0.1468	0.0138	0.0062	1.7949	0.1025	0.0459	0.2819	0.0197	0.0088	0.0116	0.0116	0.0052
2	--	22	0.3088	0.0144	0.0064	0.1643	0.0075	0.0033	1.807	0.1092	0.0488	0.2994	0.0135	0.006	0.0291	0.0083	0.0037
2	--	23	0.3061	0.0102	0.0046	0.1615	0.0074	0.0033	1.8051	0.1045	0.0468	0.2966	0.0112	0.005	0.0264	0.0111	0.005
2	--	24	0.2945	0.0185	0.0083	0.15	0.0133	0.006	1.7971	0.1174	0.0525	0.2851	0.017	0.0076	0.0148	0.0143	0.0064
2	--	25	0.2804	0.0231	0.0104	0.1358	0.0163	0.0073	1.7873	0.104	0.0465	0.271	0.0228	0.0102	0.0007	0.0123	0.0055
2	--	26	0.2993	0.0177	0.0079	0.1548	0.0099	0.0044	1.8004	0.1111	0.0497	0.2899	0.0166	0.0074	0.0196	0.0077	0.0034
2	--	27	0.2941	0.0107	0.0048	0.1496	0.0059	0.0026	1.7968	0.1047	0.0468	0.2847	0.0109	0.0049	0.0144	0.0094	0.0042
2	--	28	0.2976	0.0153	0.0068	0.1531	0.0103	0.0046	1.7992	0.1143	0.0511	0.2882	0.0137	0.0061	0.0179	0.0128	0.0057
2	--	29	0.29	0.0236	0.0105	0.1455	0.0185	0.0083	1.794	0.1016	0.0455	0.2806	0.0233	0.0104	0.0103	0.0166	0.0074
2	--	30	0.3043	0.0117	0.0052	0.1597	0.0048	0.0021	1.8038	0.11	0.0492	0.2949	0.0106	0.0047	0.0246	0.0086	0.0038
2	--	31	0.3023	0.0099	0.0044	0.1577	0.006	0.0027	1.8025	0.1049	0.0469	0.2929	0.0102	0.0046	0.0226	0.0103	0.0046
2	--	32	0.2892	0.0168	0.0075	0.1446	0.0108	0.0048	1.7934	0.1149	0.0514	0.2797	0.0154	0.0069	0.0095	0.0116	0.0052
2	--	33	0.2837	0.0209	0.0094	0.1391	0.0149	0.0067	1.7896	0.1036	0.0463	0.2743	0.0206	0.0092	0.004	0.0127	0.0057
2	--	34	0.2797	0.0184	0.0082	0.1351	0.012	0.0053	1.7868	0.1087	0.0486	0.2702	0.017	0.0076	-0.0	0.0116	0.0052
2	--	35	0.2757	0.0149	0.0067	0.1311	0.0091	0.0041	1.784	0.1051	0.047	0.2663	0.0142	0.0064	-0.004	0.0101	0.0045
2	--	36	0.2976	0.0156	0.007	0.1531	0.0092	0.0041	1.7992	0.1137	0.0509	0.2882	0.0144	0.0065	0.0179	0.01	0.0045
2	--	37	0.2914	0.0214	0.0096	0.1468	0.0143	0.0064	1.7949	0.105	0.047	0.282	0.0213	0.0095	0.0117	0.0097	0.0043
2	--	38	0.2966	0.0143	0.0064	0.1521	0.0058	0.0026	1.7985	0.1096	0.049	0.2872	0.0137	0.0061	0.0169	0.0043	0.0019
2	--	39	0.2969	0.0095	0.0042	0.1523	0.0052	0.0023	1.7987	0.1053	0.0471	0.2875	0.01	0.0045	0.0172	0.0097	0.0043
2	--	40	0.2925	0.0182	0.0082	0.1479	0.0131	0.0058	1.7957	0.1167	0.0522	0.2831	0.0167	0.0075	0.0128	0.0142	0.0064
2	--	41	0.2802	0.0194	0.0087	0.1356	0.0118	0.0053	1.7871	0.1077	0.0481	0.2708	0.0187	0.0084	0.0005	0.0083	0.0037
2	--	42	0.2755	0.0191	0.0086	0.1309	0.0127	0.0057	1.7839	0.1109	0.0496	0.2661	0.0177	0.0079	-0.0042	0.0122	0.0054
2	--	43	0.2756	0.0126	0.0056	0.1311	0.0066	0.003	1.784	0.1068	0.0477	0.2662	0.0116	0.0052	-0.0041	0.0096	0.0043
2	--	44	0.2937	0.013	0.0058	0.1491	0.0063	0.0028	1.7965	0.1118	0.05	0.2843	0.0119	0.0053	0.014	0.0088	0.0039
2	--	45	0.2837	0.0196	0.0088	0.1391	0.0141	0.0063	1.7896	0.1026	0.0459	0.2743	0.0196	0.0088	0.004	0.0122	0.0055
2	--	46	0.291	0.0155	0.0069	0.1465	0.008	0.0036	1.7947	0.1106	0.0494	0.2816	0.0143	0.0064	0.0113	0.0078	0.0035
2	--	47	0.2894	0.0144	0.0064	0.1448	0.0057	0.0026	1.7935	0.1088	0.0486	0.2799	0.0139	0.0062	0.0097	0.0036	0.0016
2	--	48	0.2892	0.017	0.0076	0.1447	0.0091	0.0041	1.7934	0.1136	0.0508	0.2798	0.016	0.0072	0.0095	0.007	0.0031
2	--	49	0.2821	0.0187	0.0084	0.1375	0.0114	0.0051	1.7885	0.1057	0.0473	0.2727	0.0186	0.0083	0.0024	0.0075	0.0033
2	--	50	0.3021	0.0177	0.0079	0.1575	0.01	0.0045	1.8023	0.1128	0.0505	0.2926	0.0164	0.0073	0.0224	0.0085	0.0038
