motif_counts	orientation_pattern	spacing	log2_fc_vs_baseline_mean	log2_fc_vs_baseline_std	log2_fc_vs_baseline_sem	log2_fc_vs_single_mean	log2_fc_vs_single_std	log2_fc_vs_single_sem	mean_prediction_mean	mean_prediction_std	mean_prediction_sem	log2_fc_vs_single_GATA_mean	log2_fc_vs_single_GATA_std	log2_fc_vs_single_GATA_sem	log2_fc_vs_single_AP1_2_mean	log2_fc_vs_single_AP1_2_std	log2_fc_vs_single_AP1_2_sem
2	++	0	0.4624	0.0396	0.0177	0.2465	0.0409	0.0183	1.9186	0.0811	0.0363	0.3	0.0428	0.0192	0.1929	0.0402	0.018
2	++	1	0.3105	0.013	0.0058	0.0945	0.021	0.0094	1.8133	0.0963	0.0431	0.1481	0.0181	0.0081	0.041	0.0257	0.0115
2	++	2	0.3368	0.0277	0.0124	0.1208	0.0172	0.0077	1.8315	0.1088	0.0487	0.1744	0.0243	0.0109	0.0673	0.0105	0.0047
2	++	3	0.4812	0.0233	0.0104	0.2652	0.0303	0.0135	1.9316	0.1059	0.0474	0.3188	0.0258	0.0116	0.2116	0.0356	0.0159
2	++	4	0.5264	0.0452	0.0202	0.3104	0.0441	0.0197	1.9629	0.1174	0.0525	0.364	0.0441	0.0197	0.2568	0.0453	0.0203
2	++	5	0.5012	0.0387	0.0173	0.2852	0.0301	0.0135	1.9454	0.119	0.0532	0.3388	0.0347	0.0155	0.2316	0.0268	0.012
2	++	6	0.5517	0.0294	0.0132	0.3357	0.0278	0.0125	1.9804	0.094	0.042	0.3893	0.0309	0.0138	0.2821	0.0264	0.0118
2	++	7	0.4884	0.027	0.0121	0.2724	0.0228	0.0102	1.9365	0.118	0.0528	0.3259	0.023	0.0103	0.2188	0.0248	0.0111
2	++	8	0.5069	0.0253	0.0113	0.2909	0.0145	0.0065	1.9494	0.111	0.0497	0.3445	0.0209	0.0094	0.2373	0.0093	0.0042
2	++	9	0.4856	0.0385	0.0172	0.2696	0.0399	0.0178	1.9346	0.0877	0.0392	0.3232	0.0413	0.0185	0.216	0.0398	0.0178
2	++	10	0.4958	0.0211	0.0094	0.2798	0.0119	0.0053	1.9417	0.1093	0.0489	0.3334	0.0174	0.0078	0.2262	0.0094	0.0042
2	++	11	0.4668	0.0216	0.0097	0.2508	0.012	0.0053	1.9216	0.1073	0.048	0.3044	0.0186	0.0083	0.1972	0.0066	0.003
2	++	12	0.4803	0.0167	0.0075	0.2643	0.0055	0.0025	1.9309	0.11	0.0492	0.3179	0.012	0.0054	0.2107	0.0047	0.0021
2	++	13	0.5018	0.0137	0.0061	0.2858	0.0051	0.0023	1.9459	0.1066	0.0477	0.3394	0.0105	0.0047	0.2323	0.0068	0.003
2	++	14	0.4891	0.024	0.0107	0.2731	0.0164	0.0073	1.9371	0.1057	0.0473	0.3267	0.0217	0.0097	0.2196	0.0131	0.0059
2	++	15	0.5103	0.0255	0.0114	0.2943	0.0162	0.0072	1.9518	0.1083	0.0484	0.3479	0.0223	0.01	0.2407	0.0114	0.0051
2	++	16	0.5053	0.0192	0.0086	0.2893	0.0098	0.0044	1.9483	0.1073	0.048	0.3429	0.0161	0.0072	0.2358	0.0061	0.0027
2	++	17	0.4811	0.0297	0.0133	0.2651	0.0209	0.0094	1.9315	0.1126	0.0504	0.3186	0.0257	0.0115	0.2115	0.0179	0.008
2	++	18	0.4952	0.0206	0.0092	0.2792	0.0093	0.0042	1.9413	0.1109	0.0496	0.3328	0.016	0.0071	0.2257	0.0047	0.0021
2	++	19	0.4751	0.0265	0.0119	0.2591	0.0186	0.0083	1.9274	0.1158	0.0518	0.3127	0.0217	0.0097	0.2056	0.0181	0.0081
2	++	20	0.4777	0.031	0.0139	0.2617	0.0199	0.0089	1.9291	0.1174	0.0525	0.3152	0.0258	0.0115	0.2081	0.0153	0.0068
2	++	21	0.4589	0.025	0.0112	0.2429	0.0143	0.0064	1.9161	0.1081	0.0483	0.2965	0.0215	0.0096	0.1893	0.0072	0.0032
2	++	22	0.4997	0.0251	0.0112	0.2837	0.0144	0.0065	1.9444	0.1132	0.0506	0.3373	0.0203	0.0091	0.2302	0.0104	0.0047
2	++	23	0.4844	0.0304	0.0136	0.2684	0.0197	0.0088	1.9338	0.1164	0.052	0.322	0.0252	0.0113	0.2148	0.0157	0.007
2	++	24	0.5017	0.0382	0.0171	0.2857	0.0274	0.0122	1.9458	0.1215	0.0543	0.3392	0.0329	0.0147	0.2321	0.0228	0.0102
2	++	25	0.482	0.0267	0.012	0.266	0.0157	0.007	1.9321	0.1095	0.049	0.3196	0.0228	0.0102	0.2124	0.0086	0.0039
2	++	26	0.4974	0.0264	0.0118	0.2814	0.0161	0.0072	1.9428	0.1136	0.0508	0.3349	0.0215	0.0096	0.2278	0.0127	0.0057
2	++	27	0.4874	0.0227	0.0101	0.2714	0.0141	0.0063	1.9359	0.1154	0.0516	0.325	0.0173	0.0078	0.2178	0.0142	0.0063
2	++	28	0.5128	0.0323	0.0144	0.2968	0.0212	0.0095	1.9535	0.1157	0.0517	0.3504	0.0274	0.0122	0.2433	0.0158	0.0071
2	++	29	0.4934	0.0365	0.0163	0.2774	0.0249	0.0112	1.94	0.1152	0.0515	0.331	0.0319	0.0143	0.2238	0.0181	0.0081
2	++	30	0.4971	0.0281	0.0126	0.2811	0.0194	0.0087	1.9426	0.1115	0.0499	0.3346	0.0244	0.0109	0.2275	0.0162	0.0072
2	++	31	0.4917	0.023	0.0103	0.2757	0.0114	0.0051	1.9389	0.1119	0.05	0.3293	0.0182	0.0081	0.2221	0.0059	0.0026
2	++	32	0.5135	0.0305	0.0136	0.2975	0.0199	0.0089	1.954	0.1168	0.0523	0.3511	0.0254	0.0113	0.244	0.0159	0.0071
2	++	33	0.5025	0.0229	0.0102	0.2865	0.0121	0.0054	1.9463	0.1088	0.0487	0.34	0.0192	0.0086	0.2329	0.0056	0.0025
2	++	34	0.5189	0.0246	0.011	0.3029	0.0148	0.0066	1.9577	0.1085	0.0485	0.3565	0.021	0.0094	0.2493	0.0101	0.0045
2	++	35	0.4865	0.0177	0.0079	0.2705	0.0082	0.0037	1.9353	0.1107	0.0495	0.3241	0.0129	0.0057	0.2169	0.0086	0.0039
2	++	36	0.4872	0.0273	0.0122	0.2712	0.0162	0.0072	1.9357	0.116	0.0519	0.3248	0.0219	0.0098	0.2176	0.0122	0.0054
2	++	37	0.4603	0.0231	0.0104	0.2443	0.0119	0.0053	1.9171	0.1124	0.0503	0.2979	0.0184	0.0082	0.1907	0.0068	0.0031
2	++	38	0.4846	0.0256	0.0115	0.2686	0.0157	0.007	1.9339	0.1137	0.0508	0.3222	0.0209	0.0093	0.215	0.0126	0.0057
2	++	39	0.4813	0.0281	0.0126	0.2653	0.0168	0.0075	1.9316	0.1146	0.0513	0.3189	0.0232	0.0104	0.2117	0.0113	0.0051
2	++	40	0.4844	0.0257	0.0115	0.2684	0.0151	0.0068	1.9338	0.1152	0.0515	0.322	0.0207	0.0093	0.2148	0.0115	0.0051
2	++	41	0.4688	0.017	0.0076	0.2528	0.0061	0.0027	1.923	0.1092	0.0488	0.3064	0.0128	0.0057	0.1992	0.004	0.0018
2	++	42	0.506	0.0219	0.0098	0.29	0.0112	0.005	1.9488	0.1114	0.0498	0.3436	0.0173	0.0077	0.2364	0.0075	0.0034
2	++	43	0.4953	0.0221	0.0099	0.2794	0.0118	0.0053	1.9414	0.1131	0.0506	0.3329	0.0171	0.0077	0.2258	0.0094	0.0042
2	++	44	0.4986	0.029	0.013	0.2826	0.0181	0.0081	1.9436	0.116	0.0519	0.3361	0.024	0.0107	0.229	0.0137	0.0061
2	++	45	0.4864	0.0277	0.0124	0.2704	0.0166	0.0074	1.9352	0.1119	0.0501	0.324	0.0235	0.0105	0.2169	0.0101	0.0045
2	++	46	0.4969	0.0262	0.0117	0.2809	0.0169	0.0076	1.9424	0.1101	0.0492	0.3344	0.0227	0.0102	0.2273	0.0127	0.0057
2	++	47	0.4815	0.0179	0.008	0.2655	0.0071	0.0032	1.9318	0.1104	0.0494	0.3191	0.0134	0.006	0.2119	0.005	0.0022
2	++	48	0.4735	0.024	0.0107	0.2575	0.0135	0.0061	1.9263	0.1131	0.0506	0.3111	0.0192	0.0086	0.2039	0.01	0.0045
2	++	49	0.4826	0.0236	0.0106	0.2666	0.0126	0.0056	1.9326	0.1102	0.0493	0.3202	0.0195	0.0087	0.2131	0.0062	0.0028
2	++	50	0.4924	0.0234	0.0105	0.2764	0.0119	0.0053	1.9393	0.1113	0.0498	0.33	0.0189	0.0084	0.2228	0.0056	0.0025
2	+-	0	0.497	0.0561	0.0251	0.281	0.058	0.0259	1.9425	0.0732	0.0327	0.3346	0.0597	0.0267	0.2274	0.0571	0.0255
2	+-	1	0.3116	0.0065	0.0029	0.0956	0.0163	0.0073	1.814	0.1017	0.0455	0.1492	0.0114	0.0051	0.0421	0.0225	0.0101
2	+-	2	0.336	0.0269	0.012	0.12	0.0173	0.0077	1.8309	0.119	0.0532	0.1736	0.0209	0.0094	0.0664	0.0162	0.0072
2	+-	3	0.4601	0.0133	0.006	0.2441	0.017	0.0076	1.9169	0.1	0.0447	0.2977	0.016	0.0072	0.1905	0.0206	0.0092
2	+-	4	0.5001	0.037	0.0166	0.2841	0.0364	0.0163	1.9447	0.124	0.0554	0.3377	0.0342	0.0153	0.2306	0.0398	0.0178
2	+-	5	0.5003	0.0397	0.0177	0.2843	0.0327	0.0146	1.9448	0.1134	0.0507	0.3379	0.0371	0.0166	0.2307	0.0293	0.0131
2	+-	6	0.526	0.0172	0.0077	0.31	0.0128	0.0057	1.9627	0.1004	0.0449	0.3636	0.0169	0.0076	0.2565	0.0121	0.0054
2	+-	7	0.4857	0.0294	0.0131	0.2697	0.0256	0.0114	1.9347	0.1201	0.0537	0.3233	0.025	0.0112	0.2161	0.0281	0.0126
2	+-	8	0.493	0.0178	0.008	0.277	0.0063	0.0028	1.9397	0.1095	0.049	0.3306	0.0133	0.006	0.2234	0.0026	0.0012
2	+-	9	0.4794	0.0425	0.019	0.2634	0.0447	0.02	1.9303	0.0841	0.0376	0.317	0.0457	0.0204	0.2098	0.0449	0.0201
2	+-	10	0.5024	0.0268	0.012	0.2864	0.0161	0.0072	1.9463	0.1147	0.0513	0.34	0.0215	0.0096	0.2329	0.0125	0.0056
2	+-	11	0.4641	0.0263	0.0117	0.2481	0.017	0.0076	1.9197	0.1058	0.0473	0.3016	0.0237	0.0106	0.1945	0.0108	0.0048
2	+-	12	0.4851	0.0167	0.0075	0.2691	0.0055	0.0025	1.9343	0.11	0.0492	0.3227	0.012	0.0054	0.2156	0.0045	0.002
2	+-	13	0.5096	0.0115	0.0051	0.2936	0.0034	0.0015	1.9513	0.1077	0.0482	0.3472	0.0074	0.0033	0.24	0.0085	0.0038
2	+-	14	0.4981	0.0185	0.0083	0.2821	0.0108	0.0048	1.9433	0.1071	0.0479	0.3357	0.0155	0.0069	0.2285	0.0099	0.0044
2	+-	15	0.5149	0.0251	0.0112	0.2989	0.0165	0.0074	1.9549	0.1061	0.0474	0.3525	0.0226	0.0101	0.2453	0.0117	0.0052
2	+-	16	0.5085	0.018	0.0081	0.2925	0.0077	0.0035	1.9505	0.1086	0.0485	0.346	0.0142	0.0063	0.2389	0.0048	0.0021
2	+-	17	0.4838	0.0297	0.0133	0.2678	0.0212	0.0095	1.9334	0.1129	0.0505	0.3214	0.0257	0.0115	0.2143	0.0184	0.0082
2	+-	18	0.4938	0.0226	0.0101	0.2778	0.0111	0.005	1.9403	0.113	0.0505	0.3314	0.0174	0.0078	0.2243	0.007	0.0031
2	+-	19	0.4824	0.027	0.0121	0.2664	0.0187	0.0084	1.9324	0.1156	0.0517	0.32	0.0223	0.01	0.2128	0.0175	0.0078
2	+-	20	0.4807	0.0311	0.0139	0.2647	0.0208	0.0093	1.9313	0.12	0.0537	0.3183	0.0254	0.0114	0.2112	0.0179	0.008
2	+-	21	0.4617	0.026	0.0116	0.2457	0.0155	0.0069	1.9181	0.1081	0.0483	0.2993	0.0226	0.0101	0.1921	0.0085	0.0038
2	+-	22	0.5048	0.0241	0.0108	0.2888	0.0131	0.0059	1.9479	0.1139	0.0509	0.3423	0.0188	0.0084	0.2352	0.0098	0.0044
2	+-	23	0.4883	0.0311	0.0139	0.2723	0.0202	0.009	1.9365	0.1163	0.052	0.3259	0.0258	0.0116	0.2188	0.0158	0.0071
2	+-	24	0.5031	0.0377	0.0168	0.2871	0.0271	0.0121	1.9468	0.1227	0.0549	0.3407	0.0321	0.0144	0.2336	0.0232	0.0104
2	+-	25	0.4844	0.0265	0.0119	0.2684	0.0159	0.0071	1.9338	0.1082	0.0484	0.3219	0.0231	0.0103	0.2148	0.0088	0.0039
2	+-	26	0.4964	0.0269	0.012	0.2804	0.0172	0.0077	1.9421	0.1154	0.0516	0.334	0.0217	0.0097	0.2268	0.0149	0.0067
2	+-	27	0.4837	0.0214	0.0096	0.2677	0.011	0.0049	1.9333	0.113	0.0505	0.3213	0.0162	0.0073	0.2141	0.0091	0.0041
2	+-	28	0.5057	0.0316	0.0141	0.2897	0.0214	0.0096	1.9486	0.1158	0.0518	0.3433	0.0268	0.012	0.2362	0.0174	0.0078
2	+-	29	0.4933	0.0381	0.017	0.2773	0.0267	0.0119	1.9399	0.115	0.0514	0.3308	0.0337	0.0151	0.2237	0.0197	0.0088
2	+-	30	0.4945	0.0277	0.0124	0.2785	0.0186	0.0083	1.9408	0.1114	0.0498	0.3321	0.0238	0.0107	0.2249	0.0152	0.0068
2	+-	31	0.4886	0.0243	0.0109	0.2726	0.0128	0.0057	1.9367	0.1129	0.0505	0.3262	0.0193	0.0086	0.219	0.0076	0.0034
2	+-	32	0.5083	0.0292	0.0131	0.2923	0.0193	0.0086	1.9504	0.1176	0.0526	0.3459	0.0239	0.0107	0.2388	0.0166	0.0074
2	+-	33	0.505	0.023	0.0103	0.289	0.0134	0.006	1.9481	0.1076	0.0481	0.3426	0.0199	0.0089	0.2354	0.0082	0.0037
2	+-	34	0.5201	0.0236	0.0105	0.3041	0.0134	0.006	1.9586	0.1093	0.0489	0.3577	0.0196	0.0087	0.2506	0.0089	0.004
2	+-	35	0.4899	0.02	0.0089	0.2739	0.0096	0.0043	1.9376	0.1105	0.0494	0.3274	0.0155	0.0069	0.2203	0.007	0.0031
2	+-	36	0.4882	0.0284	0.0127	0.2722	0.0178	0.008	1.9365	0.1179	0.0527	0.3258	0.0228	0.0102	0.2187	0.0147	0.0066
2	+-	37	0.4644	0.0237	0.0106	0.2484	0.0131	0.0059	1.9199	0.1133	0.0507	0.3019	0.019	0.0085	0.1948	0.0093	0.0042
2	+-	38	0.4877	0.0246	0.011	0.2717	0.0149	0.0067	1.9361	0.1149	0.0514	0.3252	0.0195	0.0087	0.2181	0.0131	0.0059
2	+-	39	0.4826	0.0299	0.0134	0.2666	0.0188	0.0084	1.9325	0.1141	0.051	0.3201	0.0254	0.0113	0.213	0.0129	0.0057
2	+-	40	0.4836	0.0258	0.0115	0.2676	0.0151	0.0068	1.9332	0.1153	0.0516	0.3212	0.0208	0.0093	0.214	0.0115	0.0051
2	+-	41	0.4709	0.019	0.0085	0.2549	0.0093	0.0042	1.9245	0.1072	0.048	0.3085	0.0159	0.0071	0.2014	0.0049	0.0022
2	+-	42	0.5051	0.0224	0.01	0.2891	0.0112	0.005	1.9481	0.1108	0.0496	0.3427	0.0178	0.0079	0.2355	0.0064	0.0029
2	+-	43	0.4968	0.0225	0.0101	0.2808	0.0128	0.0057	1.9424	0.1118	0.05	0.3344	0.0182	0.0081	0.2272	0.01	0.0045
2	+-	44	0.4985	0.0272	0.0122	0.2825	0.0162	0.0073	1.9435	0.1156	0.0517	0.336	0.022	0.0098	0.2289	0.0122	0.0054
2	+-	45	0.4872	0.0255	0.0114	0.2712	0.015	0.0067	1.9357	0.1103	0.0493	0.3248	0.0217	0.0097	0.2176	0.009	0.004
2	+-	46	0.4963	0.0213	0.0095	0.2803	0.0119	0.0053	1.942	0.1091	0.0488	0.3338	0.0177	0.0079	0.2267	0.0085	0.0038
2	+-	47	0.4813	0.0183	0.0082	0.2653	0.0072	0.0032	1.9317	0.1103	0.0493	0.3189	0.0137	0.0061	0.2117	0.0045	0.002
2	+-	48	0.4716	0.0228	0.0102	0.2556	0.0127	0.0057	1.925	0.1135	0.0507	0.3092	0.0178	0.008	0.2021	0.0106	0.0047
2	+-	49	0.4835	0.0239	0.0107	0.2675	0.0133	0.006	1.9332	0.1099	0.0492	0.3211	0.0201	0.009	0.2139	0.0076	0.0034
2	+-	50	0.4909	0.0233	0.0104	0.2749	0.0117	0.0052	1.9383	0.1121	0.0501	0.3284	0.0184	0.0082	0.2213	0.006	0.0027
2	-+	0	0.4464	0.075	0.0335	0.2304	0.0673	0.0301	1.9074	0.1141	0.051	0.284	0.0732	0.0327	0.1768	0.0616	0.0275
2	-+	1	0.3513	0.057	0.0255	0.1353	0.06	0.0268	1.8416	0.1107	0.0495	0.1889	0.0585	0.0262	0.0817	0.0623	0.0279
2	-+	2	0.4793	0.0167	0.0075	0.2633	0.0122	0.0055	1.9302	0.1041	0.0466	0.3169	0.015	0.0067	0.2097	0.0133	0.006
2	-+	3	0.4041	0.0254	0.0114	0.1881	0.0198	0.0088	1.8781	0.1179	0.0527	0.2416	0.021	0.0094	0.1345	0.0211	0.0094
2	-+	4	0.507	0.0454	0.0203	0.291	0.0488	0.0218	1.9495	0.0832	0.0372	0.3446	0.0485	0.0217	0.2374	0.0501	0.0224
2	-+	5	0.4251	0.0477	0.0213	0.2091	0.0441	0.0197	1.8927	0.1352	0.0604	0.2627	0.0435	0.0195	0.1555	0.0457	0.0205
2	-+	6	0.3397	0.0286	0.0128	0.1237	0.0234	0.0105	1.8335	0.122	0.0546	0.1773	0.0238	0.0106	0.0701	0.0252	0.0113
2	-+	7	0.4296	0.0213	0.0095	0.2136	0.021	0.0094	1.8958	0.0953	0.0426	0.2672	0.0234	0.0105	0.16	0.0209	0.0093
2	-+	8	0.4142	0.0226	0.0101	0.1982	0.029	0.013	1.8851	0.107	0.0478	0.2518	0.0246	0.011	0.1446	0.0343	0.0154
2	-+	9	0.4133	0.0241	0.0108	0.1973	0.0215	0.0096	1.8845	0.1149	0.0514	0.2508	0.0212	0.0095	0.1437	0.0241	0.0108
2	-+	10	0.4227	0.0209	0.0094	0.2067	0.0205	0.0091	1.891	0.0963	0.0431	0.2603	0.0222	0.0099	0.1531	0.0212	0.0095
2	-+	11	0.4298	0.0278	0.0125	0.2138	0.0235	0.0105	1.896	0.1188	0.0531	0.2674	0.0242	0.0108	0.1602	0.0249	0.0111
2	-+	12	0.4613	0.0159	0.0071	0.2453	0.0075	0.0034	1.9178	0.1114	0.0498	0.2989	0.0112	0.005	0.1917	0.0097	0.0043
2	-+	13	0.46	0.0176	0.0079	0.244	0.0104	0.0047	1.9169	0.1062	0.0475	0.2976	0.0147	0.0066	0.1905	0.0102	0.0046
2	-+	14	0.4843	0.0203	0.0091	0.2683	0.015	0.0067	1.9337	0.1052	0.047	0.3219	0.0183	0.0082	0.2147	0.0147	0.0066
2	-+	15	0.4655	0.0344	0.0154	0.2495	0.0266	0.0119	1.9207	0.1158	0.0518	0.3031	0.0311	0.0139	0.1959	0.0234	0.0105
2	-+	16	0.4911	0.029	0.013	0.2751	0.0188	0.0084	1.9384	0.1187	0.0531	0.3287	0.0236	0.0105	0.2215	0.0159	0.0071
2	-+	17	0.459	0.0208	0.0093	0.243	0.0182	0.0082	1.9162	0.1021	0.0456	0.2966	0.0206	0.0092	0.1894	0.0186	0.0083
2	-+	18	0.4725	0.0276	0.0124	0.2565	0.017	0.0076	1.9255	0.1155	0.0516	0.31	0.0223	0.01	0.2029	0.0136	0.0061
2	-+	19	0.4497	0.0279	0.0125	0.2337	0.0191	0.0086	1.9097	0.109	0.0487	0.2873	0.0251	0.0112	0.1801	0.0144	0.0064
2	-+	20	0.4874	0.0271	0.0121	0.2714	0.0171	0.0076	1.9359	0.1187	0.0531	0.325	0.0212	0.0095	0.2178	0.0154	0.0069
2	-+	21	0.479	0.0221	0.0099	0.2631	0.0108	0.0048	1.9301	0.1127	0.0504	0.3166	0.0171	0.0076	0.2095	0.0066	0.0029
2	-+	22	0.4741	0.0259	0.0116	0.2581	0.0179	0.008	1.9266	0.1129	0.0505	0.3117	0.0218	0.0098	0.2045	0.0164	0.0074
2	-+	23	0.4905	0.025	0.0112	0.2745	0.0153	0.0068	1.938	0.1087	0.0486	0.328	0.0216	0.0097	0.2209	0.0102	0.0046
2	-+	24	0.4895	0.0375	0.0168	0.2735	0.0275	0.0123	1.9373	0.1209	0.0541	0.3271	0.0322	0.0144	0.2199	0.0239	0.0107
2	-+	25	0.4748	0.0218	0.0097	0.2588	0.012	0.0054	1.9271	0.108	0.0483	0.3123	0.0183	0.0082	0.2052	0.0076	0.0034
2	-+	26	0.5096	0.0262	0.0117	0.2936	0.0152	0.0068	1.9512	0.114	0.051	0.3471	0.021	0.0094	0.24	0.0111	0.0049
2	-+	27	0.5101	0.0221	0.0099	0.2941	0.0114	0.0051	1.9516	0.1104	0.0494	0.3477	0.0179	0.008	0.2406	0.0066	0.003
2	-+	28	0.5076	0.035	0.0156	0.2916	0.0258	0.0115	1.9499	0.123	0.055	0.3451	0.0294	0.0132	0.238	0.0239	0.0107
2	-+	29	0.4961	0.0248	0.0111	0.2801	0.0133	0.0059	1.9419	0.1139	0.0509	0.3337	0.0195	0.0087	0.2265	0.0087	0.0039
2	-+	30	0.5315	0.0333	0.0149	0.3155	0.0229	0.0102	1.9664	0.1154	0.0516	0.3691	0.0286	0.0128	0.2619	0.0182	0.0081
2	-+	31	0.5295	0.0296	0.0132	0.3135	0.0206	0.0092	1.965	0.1064	0.0476	0.367	0.0268	0.012	0.2599	0.0151	0.0068
2	-+	32	0.5122	0.0341	0.0152	0.2962	0.0239	0.0107	1.953	0.1172	0.0524	0.3498	0.0293	0.0131	0.2426	0.0198	0.0088
2	-+	33	0.5067	0.022	0.0098	0.2907	0.0154	0.0069	1.9493	0.1045	0.0468	0.3443	0.0202	0.009	0.2371	0.013	0.0058
2	-+	34	0.5365	0.0314	0.014	0.3205	0.0202	0.009	1.9699	0.1123	0.0502	0.3741	0.0271	0.0121	0.267	0.0136	0.0061
2	-+	35	0.5273	0.0299	0.0134	0.3113	0.0235	0.0105	1.9635	0.1058	0.0473	0.3648	0.0279	0.0125	0.2577	0.0207	0.0093
2	-+	36	0.5007	0.0322	0.0144	0.2847	0.0219	0.0098	1.9451	0.1188	0.0531	0.3382	0.0269	0.012	0.2311	0.0185	0.0083
2	-+	37	0.4842	0.0281	0.0126	0.2683	0.0166	0.0074	1.9337	0.115	0.0514	0.3218	0.0229	0.0103	0.2147	0.0113	0.0051
2	-+	38	0.4842	0.0253	0.0113	0.2682	0.0166	0.0074	1.9337	0.1134	0.0507	0.3218	0.0209	0.0093	0.2147	0.0148	0.0066
2	-+	39	0.4955	0.0212	0.0095	0.2795	0.012	0.0054	1.9415	0.1075	0.0481	0.3331	0.0183	0.0082	0.2259	0.0077	0.0034
2	-+	40	0.5051	0.0339	0.0152	0.2891	0.0226	0.0101	1.9481	0.118	0.0528	0.3427	0.0288	0.0129	0.2355	0.0173	0.0077
2	-+	41	0.4939	0.0205	0.0092	0.2779	0.0114	0.0051	1.9404	0.1077	0.0482	0.3315	0.0174	0.0078	0.2244	0.0077	0.0034
2	-+	42	0.493	0.0236	0.0105	0.277	0.0139	0.0062	1.9397	0.1123	0.0502	0.3305	0.0191	0.0086	0.2234	0.0111	0.005
2	-+	43	0.4915	0.0202	0.0091	0.2755	0.0115	0.0051	1.9387	0.1073	0.048	0.329	0.0174	0.0078	0.2219	0.008	0.0036
2	-+	44	0.4967	0.0333	0.0149	0.2807	0.0226	0.0101	1.9423	0.1201	0.0537	0.3343	0.0278	0.0124	0.2271	0.0189	0.0085
2	-+	45	0.4889	0.03	0.0134	0.2729	0.0187	0.0084	1.9369	0.1126	0.0503	0.3264	0.0256	0.0115	0.2193	0.0121	0.0054
2	-+	46	0.5004	0.0279	0.0125	0.2844	0.018	0.0081	1.9449	0.1117	0.05	0.338	0.024	0.0107	0.2308	0.0134	0.006
2	-+	47	0.4946	0.0221	0.0099	0.2786	0.0133	0.006	1.9408	0.1046	0.0468	0.3322	0.0198	0.0089	0.225	0.0082	0.0037
2	-+	48	0.4931	0.0285	0.0128	0.2771	0.0185	0.0083	1.9398	0.1146	0.0512	0.3307	0.024	0.0107	0.2235	0.0145	0.0065
2	-+	49	0.5022	0.0225	0.0101	0.2862	0.0144	0.0064	1.9461	0.1062	0.0475	0.3398	0.0202	0.009	0.2326	0.0104	0.0047
2	-+	50	0.5158	0.0276	0.0123	0.2998	0.0163	0.0073	1.9556	0.1132	0.0506	0.3534	0.0228	0.0102	0.2462	0.0108	0.0048
2	--	0	0.4366	0.0524	0.0234	0.2206	0.0438	0.0196	1.9007	0.1127	0.0504	0.2742	0.0499	0.0223	0.167	0.038	0.017
2	--	1	0.316	0.0492	0.022	0.1	0.0506	0.0226	1.817	0.1132	0.0506	0.1535	0.0496	0.0222	0.0464	0.0526	0.0235
2	--	2	0.4593	0.0251	0.0112	0.2433	0.0272	0.0122	1.9164	0.0954	0.0427	0.2969	0.0272	0.0121	0.1897	0.0291	0.013
2	--	3	0.3918	0.0513	0.0229	0.1758	0.0421	0.0188	1.8696	0.1314	0.0588	0.2294	0.0462	0.0206	0.1222	0.0389	0.0174
2	--	4	0.5298	0.0689	0.0308	0.3138	0.0719	0.0321	1.9653	0.0629	0.0281	0.3674	0.0727	0.0325	0.2603	0.0718	0.0321
2	--	5	0.4721	0.0738	0.033	0.2561	0.0723	0.0324	1.9253	0.152	0.068	0.3097	0.0704	0.0315	0.2026	0.075	0.0335
2	--	6	0.3914	0.0243	0.0108	0.1754	0.0181	0.0081	1.8693	0.1187	0.0531	0.229	0.0194	0.0087	0.1218	0.0196	0.0088
2	--	7	0.4155	0.0091	0.0041	0.1995	0.0145	0.0065	1.886	0.1044	0.0467	0.2531	0.0112	0.005	0.1459	0.0199	0.0089
2	--	8	0.3978	0.0211	0.0094	0.1818	0.0251	0.0112	1.8738	0.1106	0.0494	0.2354	0.0213	0.0095	0.1282	0.0303	0.0135
2	--	9	0.414	0.0326	0.0146	0.198	0.0307	0.0137	1.885	0.117	0.0523	0.2516	0.0306	0.0137	0.1445	0.0325	0.0145
2	--	10	0.4337	0.0228	0.0102	0.2177	0.0211	0.0094	1.8987	0.0965	0.0432	0.2713	0.0237	0.0106	0.1642	0.0209	0.0093
2	--	11	0.4367	0.032	0.0143	0.2207	0.0253	0.0113	1.9007	0.1229	0.055	0.2742	0.0271	0.0121	0.1671	0.0255	0.0114
2	--	12	0.4635	0.0157	0.007	0.2475	0.0057	0.0025	1.9193	0.1113	0.0498	0.301	0.0104	0.0047	0.1939	0.0078	0.0035
2	--	13	0.4748	0.0142	0.0063	0.2588	0.0069	0.0031	1.9272	0.1101	0.0492	0.3124	0.0094	0.0042	0.2052	0.0106	0.0047
2	--	14	0.4902	0.0175	0.0078	0.2742	0.015	0.0067	1.9378	0.1042	0.0466	0.3278	0.0165	0.0074	0.2206	0.0168	0.0075
2	--	15	0.4681	0.0307	0.0137	0.2521	0.0225	0.01	1.9225	0.1157	0.0518	0.3057	0.027	0.0121	0.1985	0.0197	0.0088
2	--	16	0.4973	0.0256	0.0115	0.2813	0.0148	0.0066	1.9427	0.1149	0.0514	0.3349	0.0206	0.0092	0.2277	0.0108	0.0048
2	--	17	0.4555	0.0186	0.0083	0.2395	0.0143	0.0064	1.9138	0.1056	0.0472	0.2931	0.017	0.0076	0.186	0.0149	0.0067
2	--	18	0.4708	0.0265	0.0119	0.2548	0.0157	0.007	1.9244	0.1145	0.0512	0.3084	0.0214	0.0096	0.2012	0.0117	0.0052
2	--	19	0.4479	0.026	0.0116	0.2319	0.0177	0.0079	1.9085	0.1127	0.0504	0.2855	0.0224	0.01	0.1783	0.0151	0.0068
2	--	20	0.494	0.0275	0.0123	0.278	0.0173	0.0078	1.9405	0.1189	0.0532	0.3316	0.0216	0.0097	0.2244	0.0154	0.0069
2	--	21	0.4828	0.0204	0.0091	0.2668	0.0098	0.0044	1.9327	0.1136	0.0508	0.3204	0.015	0.0067	0.2132	0.0084	0.0038
2	--	22	0.4793	0.0245	0.0109	0.2633	0.0162	0.0072	1.9302	0.1124	0.0503	0.3168	0.0204	0.0091	0.2097	0.0146	0.0065
2	--	23	0.4916	0.0266	0.0119	0.2756	0.017	0.0076	1.9388	0.1111	0.0497	0.3292	0.0226	0.0101	0.222	0.013	0.0058
2	--	24	0.4922	0.0377	0.0169	0.2762	0.0274	0.0122	1.9392	0.1209	0.0541	0.3298	0.0324	0.0145	0.2226	0.0235	0.0105
2	--	25	0.4709	0.0204	0.0091	0.2549	0.0117	0.0052	1.9244	0.1098	0.0491	0.3085	0.0164	0.0073	0.2013	0.0105	0.0047
2	--	26	0.5103	0.0265	0.0118	0.2943	0.0153	0.0068	1.9517	0.1149	0.0514	0.3479	0.0211	0.0094	0.2407	0.0112	0.005
2	--	27	0.5032	0.0225	0.0101	0.2872	0.0116	0.0052	1.9468	0.1124	0.0503	0.3408	0.0176	0.0079	0.2336	0.008	0.0036
2	--	28	0.5035	0.0347	0.0155	0.2875	0.0252	0.0113	1.9471	0.1215	0.0544	0.3411	0.0293	0.0131	0.2339	0.0228	0.0102
2	--	29	0.4932	0.0254	0.0113	0.2772	0.0145	0.0065	1.9399	0.1151	0.0515	0.3308	0.0199	0.0089	0.2236	0.0113	0.005
2	--	30	0.5318	0.0339	0.0152	0.3158	0.0232	0.0104	1.9667	0.1143	0.0511	0.3694	0.0294	0.0131	0.2622	0.0178	0.008
2	--	31	0.526	0.0301	0.0135	0.31	0.0211	0.0094	1.9626	0.1075	0.0481	0.3636	0.0271	0.0121	0.2564	0.0161	0.0072
2	--	32	0.5105	0.0333	0.0149	0.2945	0.0228	0.0102	1.9519	0.1164	0.052	0.3481	0.0285	0.0128	0.2409	0.0182	0.0081
2	--	33	0.5047	0.0183	0.0082	0.2887	0.0129	0.0058	1.9479	0.1059	0.0473	0.3423	0.0162	0.0073	0.2351	0.0131	0.0059
2	--	34	0.539	0.0304	0.0136	0.323	0.0193	0.0086	1.9717	0.1109	0.0496	0.3766	0.0264	0.0118	0.2695	0.0123	0.0055
2	--	35	0.5268	0.0296	0.0132	0.3108	0.0223	0.01	1.9632	0.1085	0.0485	0.3644	0.0268	0.012	0.2573	0.0196	0.0088
2	--	36	0.5043	0.0335	0.015	0.2883	0.0228	0.0102	1.9476	0.1187	0.0531	0.3419	0.0283	0.0126	0.2347	0.0185	0.0083
2	--	37	0.487	0.0261	0.0117	0.271	0.0152	0.0068	1.9356	0.1164	0.0521	0.3246	0.0205	0.0092	0.2174	0.012	0.0054
2	--	38	0.4891	0.0255	0.0114	0.2731	0.0171	0.0077	1.9371	0.1136	0.0508	0.3267	0.0213	0.0095	0.2195	0.0154	0.0069
2	--	39	0.4953	0.0222	0.0099	0.2793	0.0128	0.0057	1.9414	0.1073	0.048	0.3329	0.0193	0.0086	0.2258	0.0077	0.0034
2	--	40	0.5057	0.0361	0.0162	0.2897	0.0249	0.0112	1.9486	0.1173	0.0525	0.3433	0.0314	0.014	0.2361	0.019	0.0085
2	--	41	0.4935	0.0198	0.0089	0.2775	0.011	0.0049	1.9401	0.1074	0.048	0.331	0.0166	0.0074	0.2239	0.0085	0.0038
2	--	42	0.4959	0.0245	0.0109	0.2799	0.0142	0.0064	1.9417	0.1107	0.0495	0.3334	0.0205	0.0092	0.2263	0.0094	0.0042
2	--	43	0.4913	0.0193	0.0086	0.2753	0.0103	0.0046	1.9386	0.1082	0.0484	0.3289	0.016	0.0072	0.2218	0.0077	0.0034
2	--	44	0.4979	0.0329	0.0147	0.2819	0.0218	0.0097	1.9432	0.1191	0.0533	0.3355	0.0275	0.0123	0.2283	0.0173	0.0077
2	--	45	0.4889	0.025	0.0112	0.2729	0.0136	0.0061	1.9369	0.1116	0.0499	0.3264	0.0204	0.0091	0.2193	0.0074	0.0033
2	--	46	0.5023	0.0249	0.0111	0.2863	0.0153	0.0069	1.9462	0.1096	0.049	0.3399	0.0214	0.0096	0.2327	0.0108	0.0048
2	--	47	0.4926	0.0214	0.0096	0.2766	0.0124	0.0055	1.9395	0.1052	0.047	0.3302	0.0187	0.0084	0.223	0.0076	0.0034
2	--	48	0.4929	0.0281	0.0125	0.2769	0.0176	0.0079	1.9397	0.1135	0.0508	0.3305	0.0236	0.0106	0.2233	0.0129	0.0058
2	--	49	0.4997	0.0187	0.0084	0.2837	0.01	0.0045	1.9444	0.1071	0.0479	0.3373	0.0158	0.0071	0.2301	0.0074	0.0033
2	--	50	0.5155	0.0277	0.0124	0.2995	0.0166	0.0074	1.9553	0.1131	0.0506	0.353	0.0231	0.0103	0.2459	0.0109	0.0049
