motif	percentile_threshold	pct_hits_kept	score_threshold	n_hits_passing	n_regions_passing	p300_pos_with_hit	p300_neg_with_hit	odds_ratio	log2_odds_ratio	p_value
ATF-CEBP_0	0	top 100%	4.500020846084595	154343	89783	17923	71860	1.306390392276195	0.3855860858878906	8.487323696935407e-80
ATF-CEBP_0	25	top 75%	5.295453402846659	115758	75703	15484	60219	1.3211152832105293	0.4017563645857028	3.575767767422664e-93
ATF-CEBP_0	50	top 50%	6.386933518116946	77172	57255	12125	45130	1.3408039236939133	0.4230982760215222	1.0656963212328519e-101
ATF-CEBP_0	75	top 25%	8.054994653194608	38586	32823	7504	25319	1.4292761972291987	0.5152847336974345	2.89793212118714e-116
ATF-CEBP_0	90	top 10%	10.034378971040592	15435	14323	3846	10477	1.7256062792118105	0.7871033313625447	4.0542140316628166e-150
ATF-CREB-JUN_0	0	top 100%	4.700009718670661	148041	71765	14778	56987	1.3238893594048324	0.40478255771331617	2.792987171898475e-95
ATF-CREB-JUN_0	25	top 75%	5.411434109158234	111031	58543	12279	46264	1.3178905502301657	0.3982305606366857	9.268763992005532e-91
ATF-CREB-JUN_0	50	top 50%	6.457338812362534	74021	42889	9244	33645	1.3259963494075029	0.4070768035810123	2.779756539092832e-84
ATF-CREB-JUN_0	75	top 25%	8.182945095187225	37011	23433	5341	18092	1.3796669299186688	0.46432002312536713	1.778210088327803e-74
ATF-CREB-JUN_0	90	top 10%	10.426732463270646	14805	10009	2412	7597	1.4422897506076546	0.5283610257246734	3.361637734926018e-48
CREB_0	0	top 100%	4.100030422217282	88090	60330	11913	48417	1.1563144095510165	0.20953372952236407	2.0582684082858238e-26
CREB_0	25	top 75%	4.819010125232838	66068	48666	9700	38966	1.1560910557632451	0.20925503151043057	1.681538943268762e-24
CREB_0	50	top 50%	5.813495873875359	44046	35225	7127	28098	1.1640658838949731	0.21917271432752605	1.4163098664122478e-22
CREB_0	75	top 25%	7.411303492402411	22023	19380	4008	15372	1.178451925744215	0.2368929058896715	2.7656418503533506e-17
CREB_0	90	top 10%	9.466904550751774	8810	8304	1743	6561	1.1856243605455	0.2456469955339909	1.613338529551491e-09
CTCF_0	0	top 100%	2.6000014742073825	326504	109864	18533	91331	0.6653736011890923	-0.587763466702494	1.6833671659689446e-159
CTCF_0	25	top 75%	3.591732268895026	244879	99368	16252	83116	0.6547340847366192	-0.6110190088882268	7.963297057172649e-197
CTCF_0	50	top 50%	5.003659011325487	163253	83891	12899	70992	0.6200851785702538	-0.6894616886454521	2.4137776687702197e-271
CTCF_0	75	top 25%	7.5476914579825	81627	58423	7750	50673	0.543954560594081	-0.8784419543374662	0.0
CTCF_0	90	top 10%	11.851219092648142	32651	30204	3002	27202	0.422986237934538	-1.2413173695718733	0.0
E2F_1	0	top 100%	5.600014034655848	98507	42545	7824	34721	0.993575187118224	-0.009298949779526635	0.6665714067258395
E2F_1	25	top 75%	6.280509696644479	73881	34988	6491	28497	1.0082083007109153	0.011793737405933069	0.6073033585134406
E2F_1	50	top 50%	7.224252040824631	49254	25960	4807	21153	1.004732838281083	0.006811935109295747	0.7911945667098593
E2F_1	75	top 25%	8.711658238285032	24627	14754	2726	12028	1.0013190044813332	0.001901667345778202	0.9553684063928709
E2F_1	90	top 10%	10.330287989930142	9851	6726	1224	5502	0.9819251100792765	-0.02631509828760229	0.5843137231883655
ELF_0	0	top 100%	-0.99994584885808	195432	101534	20160	81374	1.3793188783010961	0.46395602535211783	1.505971285988699e-99
ELF_0	25	top 75%	0.209970828580547	146576	87189	17869	69320	1.4150219202841583	0.5008244022022466	1.3014715187607334e-134
ELF_0	50	top 50%	1.8380034161026861	97717	67189	14407	52782	1.444202906533016	0.5302734511474838	3.007787399487964e-162
ELF_0	75	top 25%	4.378590171770398	48844	39384	8921	30463	1.4398545298941687	0.5259230619442733	8.674364637847017e-135
ELF_0	90	top 10%	7.413119295072241	19544	17571	4356	13215	1.5445016664676106	0.6271414275879271	2.603069207643938e-110
FOS-JUN_0	0	top 100%	5.300009385824518	249588	92885	18849	74036	1.4186843157112519	0.5045535979779454	7.777099615070364e-130
FOS-JUN_0	25	top 75%	6.117193447430987	187192	78651	16477	62174	1.4420971901352553	0.5281683982827096	5.609149337296335e-157
FOS-JUN_0	50	top 50%	7.292030251833819	124795	59337	13129	46208	1.499438201169079	0.5844220632508932	1.6803117264581372e-194
FOS-JUN_0	75	top 25%	9.466497296893728	62398	34045	8420	25625	1.6579273879852032	0.7293808227036052	4.902134818005401e-242
FOS-JUN_0	90	top 10%	12.017246028093448	24959	16836	4616	12220	1.8075706442507065	0.8540520323042116	9.057795349108272e-204
GATA_1	0	top 100%	7.900013115404802	93871	65877	15186	50691	1.7447645163605614	0.8030323350000591	0.0
GATA_1	25	top 75%	8.186645519595526	70404	53360	12682	40678	1.7151069665775278	0.7782985561873443	0.0
GATA_1	50	top 50%	8.566042500439348	46956	38689	9622	29067	1.7206744104803005	0.7829741335059925	1.8223602502857018e-300
GATA_1	75	top 25%	9.175051568963012	23470	21143	5621	15522	1.7585912754103266	0.8144202164897719	3.9076002423507065e-220
GATA_1	90	top 10%	9.8945599610095	9387	8960	2483	6477	1.7641889822851649	0.8190051125973139	6.940603470817544e-109
NF2L-NFE_0	0	top 100%	1.400012775927182	230613	107770	21194	86576	1.386981612840908	0.4719486620385371	9.730900012189852e-93
NF2L-NFE_0	25	top 75%	2.397821498884781	172960	94182	18994	75188	1.3966209038388964	0.48194047144714725	2.343112089957253e-117
NF2L-NFE_0	50	top 50%	3.7720521645578327	115307	74544	15772	58772	1.449769338138945	0.5358233821751751	7.82089906524827e-164
NF2L-NFE_0	75	top 25%	6.046317651177876	57654	45407	10514	34893	1.544307965755125	0.6269604834113935	4.365177651637338e-206
NF2L-NFE_0	90	top 10%	9.101126338381006	23062	20801	5574	15227	1.7788209830742856	0.8309213280158363	7.179185268273871e-227
NFI_0	0	top 100%	7.300432724022265	237189	113031	21172	91859	1.0860374556488528	0.11907386018372701	5.157625206974459e-07
NFI_0	25	top 75%	7.899247982709924	177916	98879	18652	80227	1.0886167094276584	0.12249608560280696	5.9547674599107046e-09
NFI_0	50	top 50%	8.602960226036263	118568	78515	14872	63643	1.072402704355282	0.10084676258588562	2.743630835432423e-07
NFI_0	75	top 25%	9.730060289910512	59288	47688	9138	38550	1.0714859487886401	0.09961293097958852	1.4617945663647014e-06
NFI_0	90	top 10%	10.748509159165565	23718	21597	4173	17424	1.0686675788236188	0.09581315617843189	0.00042168081168256325
NFI_1	0	top 100%	1.200009063912283	271711	90131	16597	73534	0.9923094031143291	-0.011138070301975432	0.5823138415392264
NFI_1	25	top 75%	2.2906757956024726	203785	76948	14222	62726	1.003406484055399	0.004906166001716143	0.8021887608517773
NFI_1	50	top 50%	3.782190917549485	135856	59162	11018	48144	1.0186250315450682	0.02662307536420015	0.17974462430304994
NFI_1	75	top 25%	6.187178289183477	67928	34854	6460	28394	1.0066511762409196	0.009563848697722793	0.6747841062908688
NFI_1	90	top 10%	9.191554037093736	27172	15413	2836	12577	0.9956601650255322	-0.006274683811703603	0.8519401730378752
RFX_1	0	top 100%	0.3000269586966935	139658	62771	12414	50357	1.1656042091790648	0.22107799232185674	1.8821593122481775e-29
RFX_1	25	top 75%	1.1733202572266583	104744	49962	10017	39945	1.1719631982832264	0.2289272672960874	2.1973376321708704e-29
RFX_1	50	top 50%	2.4446620782445057	69830	35604	7279	28325	1.1855458881593715	0.24555150536628367	3.2060257470325377e-28
RFX_1	75	top 25%	4.62644624826255	34915	18728	3929	14799	1.2024549525476735	0.26598284746441253	6.088997211761691e-21
RFX_1	90	top 10%	7.68714234660122	13966	7471	1547	5924	1.1629993891125903	0.2178503390084933	3.992550225099933e-07
RUNX_0	0	top 100%	4.200001337887029	234400	104620	19935	84685	1.155060348966604	0.20796823075850715	3.6192722844803406e-21
RUNX_0	25	top 75%	4.980271497062397	175801	91129	17553	73576	1.1557362366626618	0.20881218202723537	9.958156254308674e-25
RUNX_0	50	top 50%	6.052111528555689	117201	72002	14179	57823	1.1764571237282737	0.23444874214165676	3.1983957736974574e-33
RUNX_0	75	top 25%	7.764613013327761	58601	43601	8777	34824	1.1684890988580494	0.22464427490225936	1.2099794177539753e-26
RUNX_0	90	top 10%	9.805481428264228	23441	20057	4161	15896	1.1850414005572618	0.24493746193813817	7.051916425261592e-19
STAT_0	0	top 100%	5.100025344230133	331089	122629	23272	99357	1.260949834607394	0.3345108808978837	2.4897489914390002e-33
STAT_0	25	top 75%	5.864951555308311	248317	109277	21128	88149	1.2763209465876646	0.3519911581219725	5.867624428969968e-52
STAT_0	50	top 50%	6.935431721452535	165545	88791	17694	71097	1.2916657818202502	0.369232821358126	5.1320551301692705e-74
STAT_0	75	top 25%	8.680314699201686	82773	55883	11656	44227	1.2903091988775948	0.36771682242037956	1.176497165012075e-76
STAT_0	90	top 10%	10.80236205634375	33109	26455	5861	20594	1.329080019618651	0.41042796724138564	1.6595806136771098e-63
TAL_0	0	top 100%	7.600028698042323	430037	133199	24984	108215	1.2874502961676728	0.36451673609657237	4.6553879366222656e-23
TAL_0	25	top 75%	8.051461499788076	322527	124256	23627	100629	1.3106789058872568	0.3903142930176675	1.2383329700698248e-41
TAL_0	50	top 50%	8.610229211009306	215020	106700	20709	85991	1.2795312269596322	0.3556153567795198	1.658608982970635e-55
TAL_0	75	top 25%	9.465089243839586	107510	72490	14600	57890	1.2502171261547619	0.3221786705867549	4.430564375879747e-61
TAL_0	90	top 10%	10.440703389388478	43006	36168	7660	28508	1.2616493026989941	0.33531094394234434	3.409189994316532e-52
ZNF_0	0	top 100%	4.100006153189996	950874	117401	21656	95745	0.9957597348352499	-0.006130416024852889	0.8037433667232836
ZNF_0	25	top 75%	5.222565183456832	713154	107298	19862	87436	1.0134349597465706	0.01925350245845503	0.38942155850121046
ZNF_0	50	top 50%	6.755251012697759	475438	91720	17020	74700	1.0178084495724022	0.02546607334423807	0.21001503620102885
ZNF_0	75	top 25%	9.243466695776794	237746	65566	12356	53210	1.0478233434491429	0.06739550789378342	0.0005883717304698325
ZNF_0	90	top 10%	11.90343655652144	95085	38547	7434	31113	1.0767732400012304	0.1067144616087501	1.1585738572379806e-06
ZNF_3	0	top 100%	1.8000094590704725	1342210	122567	22705	99862	1.02849539325836	0.04053533189084594	0.13487726424237004
ZNF_3	25	top 75%	3.1812685601384985	1006658	113268	21048	92220	1.038213627765155	0.05410333002227909	0.02210882910167925
ZNF_3	50	top 50%	5.007819718538001	671106	98026	18348	79678	1.0545454992487924	0.07662134276033551	0.00024922811648038945
ZNF_3	75	top 25%	7.931079210547029	335553	72778	13800	58978	1.0692432942370746	0.09659015937580456	7.496254686654071e-07
ZNF_3	90	top 10%	11.395810489108156	134200	44861	8597	36264	1.069523932681604	0.09696876597631075	3.886025563414877e-06
