pair_name	pair_type	odds_ratio	p_value	n_p300_pos	n_p300_neg	p300_pos_freq	p300_neg_freq
GATA_1-NF2L-NFE_0	heterotypic	1.7949482395857086	0.0	8668	24893	0.322926756575516	0.20993287005802186
GATA_1-TAL_0	heterotypic	1.7888029030658104	0.0	12142	37457	0.45235079353252367	0.315890230738092
GATA_1-STAT_0	heterotypic	1.6940295937475949	1.9597033646324573e-280	9399	28615	0.35016019670665377	0.24132202131965996
FOS-JUN_0-GATA_1	heterotypic	1.7743109366093213	3.907153026025243e-279	7364	20828	0.27434617390656435	0.17565105923627042
ELF_0-GATA_1	heterotypic	1.7448360588138165	3.982950897987061e-258	7133	20370	0.26574025780493254	0.17178855754958844
GATA_1-ZNF_3	heterotypic	1.6112312360855614	2.5014471442370886e-231	9354	29553	0.3484837195439982	0.24923255970854136
GATA_1-GATA_1	homotypic	2.037551571074191	1.602610833056039e-203	3182	7342	0.11854556292377617	0.061918094724058834
ATF-CEBP_0-GATA_1	heterotypic	1.6598078824180864	2.031764219281173e-200	6424	18895	0.23932642873109305	0.15934927810012145
GATA_1-ZNF_0	heterotypic	1.5747285517362493	5.907881222995623e-197	8376	26517	0.3120482825422845	0.22362872756712995
GATA_1-RUNX_0	heterotypic	1.6173459044064618	3.0317441042035e-194	7024	21314	0.26167945756650024	0.17974969639724733
FOS-JUN_0-FOS-JUN_0	homotypic	1.475342996236702	6.362108274751935e-181	13865	49804	0.5165412413382013	0.4200175414923762
ATF-CREB-JUN_0-GATA_1	heterotypic	1.6914579480576344	1.3817748756534067e-175	5004	14147	0.18642426048729602	0.11930744838753204
FOS-JUN_0-NF2L-NFE_0	heterotypic	1.4655281015148098	2.6445194169938008e-174	15371	56635	0.5726473437150734	0.4776261638105519
GATA_1-NFI_0	heterotypic	1.527593218358418	1.4654106268346142e-160	7503	24016	0.279524625586767	0.20253676966671164
ELF_0-ELF_0	homotypic	1.5210653771827103	3.6605420083953765e-154	7279	23305	0.2711794948215483	0.19654061530157874
NF2L-NFE_0-NF2L-NFE_0	homotypic	1.4543778705517676	8.420686796497559e-149	9705	33232	0.3615602414127114	0.28025907434894076
ELF_0-FOS-JUN_0	heterotypic	1.4538476884036389	1.5133694217416057e-148	9703	33233	0.3614857313165934	0.280267507758737
FOS-JUN_0-TAL_0	heterotypic	1.4189817945495433	3.1041875859438526e-147	14542	53893	0.5417629088741525	0.4545017541492376
ELF_0-NF2L-NFE_0	heterotypic	1.4162096562726745	1.3483381327960602e-139	11558	41276	0.43059384546606067	0.34809742274996625
NF2L-NFE_0-TAL_0	heterotypic	1.3912926649527466	6.01341390039699e-127	16751	64509	0.6240593100365099	0.5440308325462151
FOS-JUN_0-STAT_0	heterotypic	1.3786228355495418	2.1910581442166537e-122	12569	46219	0.4682586990537218	0.38978376737282416
ATF-CEBP_0-ELF_0	heterotypic	1.4119332871999906	3.6934299786958445e-121	8899	30824	0.33153267267714776	0.2599514235595736
ELF_0-STAT_0	heterotypic	1.3710316701049476	3.591045167055361e-120	14148	53170	0.5270844199389018	0.4484043988665497
ATF-CEBP_0-ATF-CREB-JUN_0	heterotypic	1.4084781108125386	1.2531125897607199e-119	8911	30926	0.3319797332538559	0.260811631358791
ATF-CREB-JUN_0-ELF_0	heterotypic	1.434491666020876	6.740372517021634e-114	7086	23718	0.263989270546159	0.2000236135474295
ATF-CREB-JUN_0-NF2L-NFE_0	heterotypic	1.3992025370459225	1.2108837385120871e-110	8326	28839	0.31018553013933386	0.2432111051140197
ELF_0-TAL_0	heterotypic	1.3546992262572743	3.96004072489073e-110	15664	60291	0.5835630727963639	0.5084587100256376
ATF-CEBP_0-NF2L-NFE_0	heterotypic	1.365749646191535	1.6466041072622826e-109	10706	38770	0.3988525445197824	0.3269632978005667
ATF-CEBP_0-FOS-JUN_0	heterotypic	1.3743904408897447	2.5499182677182666e-107	9466	33659	0.35265628492660755	0.283860140331939
ATF-CREB-JUN_0-FOS-JUN_0	heterotypic	1.4150803772340812	2.453595949397376e-106	7124	24117	0.26540496237240147	0.20338854405613277
NF2L-NFE_0-STAT_0	heterotypic	1.3361551776946958	1.128494980183915e-101	14407	55068	0.5367334773861858	0.46441101065983
ATF-CEBP_0-TAL_0	heterotypic	1.3299487979779905	6.262901800314056e-98	13096	49490	0.4878921093808211	0.41736945081635407
ATF-CREB-JUN_0-TAL_0	heterotypic	1.3391737984077001	1.4455920248136806e-96	10700	39260	0.3986290142314284	0.33109566860072864
GATA_1-RFX_1	heterotypic	1.5428607767660922	1.4768583296699638e-96	3743	11270	0.1394456448848819	0.0950445284037242
CTCF_0-CTCF_0	homotypic	0.7516131663993791	3.3289834831777855e-93	9489	49937	0.35351315103196485	0.4211391849952773
ATF-CEBP_0-STAT_0	heterotypic	1.3275218974592136	9.063500248320417e-93	11208	41580	0.41755457864540646	0.35066117932802593
FOS-JUN_0-RUNX_0	heterotypic	1.3366670090574788	1.1350262375041477e-90	9602	34876	0.3577229714626332	0.2941236000539738
GATA_1-NFI_1	heterotypic	1.4344000036489992	6.540986666713697e-89	5101	16669	0.1900380001490202	0.14057650789367157
ATF-CREB-JUN_0-STAT_0	heterotypic	1.3414920673532198	6.770247860091837e-89	8854	31829	0.3298561955144922	0.26842700040480366
STAT_0-STAT_0	homotypic	1.2983784063000294	6.389720680651867e-83	13794	53217	0.5138961329260114	0.4488007691269734
ELF_0-RUNX_0	heterotypic	1.3065471092473357	1.0137493542952995e-81	10773	40211	0.40134863273973626	0.33911584131696126
ATF-CEBP_0-ATF-CEBP_0	homotypic	1.408460915928061	4.982559613634313e-81	5126	17020	0.1909693763504955	0.14353663473215492
CREB_0-GATA_1	heterotypic	1.5020128162263102	4.977970440060427e-80	3449	10599	0.12849266075553237	0.08938571043044123
ATF-CREB-JUN_0-ATF-CREB-JUN_0	homotypic	1.3087034410019471	4.42445139447624e-72	8248	30017	0.30727963639073097	0.25314566185400084
FOS-JUN_0-ZNF_3	heterotypic	1.2753458616782132	6.2098985410881685e-71	12233	46997	0.45574100290589376	0.39634496019430576
FOS-JUN_0-ZNF_0	heterotypic	1.2676364438310794	4.200986242858796e-66	11337	43376	0.422360479845019	0.3658075833220888
TAL_0-TAL_0	homotypic	1.2651347641737163	2.6541605928631956e-65	16560	66410	0.6169435958572387	0.560062744568884
STAT_0-TAL_0	heterotypic	1.2712843131116227	1.8929324707816347e-62	18551	75614	0.6911183965427316	0.6376838483335582
FOS-JUN_0-NFI_0	heterotypic	1.2623857071788585	1.9325650321827977e-61	10251	38965	0.38190149765293196	0.3286078127108352
NF2L-NFE_0-RUNX_0	heterotypic	1.2562281420798607	4.281012062005623e-61	11216	43116	0.4178526190298785	0.3636148967750641
ATF-CEBP_0-RUNX_0	heterotypic	1.271780998022102	3.327986614390462e-59	8488	31620	0.3162208479248938	0.26666441775738764
CTCF_0-TAL_0	heterotypic	0.8049696157841002	3.198349573124621e-56	15169	73220	0.5651218240071529	0.6174942652813386
NF2L-NFE_0-ZNF_3	heterotypic	1.2357659062870419	4.6386010905902336e-55	14590	58190	0.5435511511809851	0.4907401160437188
CTCF_0-GATA_1	heterotypic	1.281387119998184	7.761433718863336e-53	6501	23671	0.242195067431637	0.1996272432870058
ELF_0-NFI_0	heterotypic	1.2339714016361074	3.521319161359044e-52	11154	43346	0.4155428060502198	0.3655545810282013
ATF-CEBP_0-ZNF_3	heterotypic	1.2326100873436234	1.8632758547343275e-51	11046	42921	0.4115192608598465	0.3619703818647956
ELF_0-ZNF_3	heterotypic	1.226091450114641	3.2797361850047564e-51	14494	57996	0.5399746665673198	0.4891040345432465
CTCF_0-ZNF_3	heterotypic	0.8171849635960465	2.2338980980291584e-49	14814	71281	0.5518962819462037	0.6011418836864121
ATF-CREB-JUN_0-RUNX_0	heterotypic	1.2575309003515964	5.0800360065998745e-49	7244	26936	0.2698755681394829	0.2271623262717582
CTCF_0-ZNF_0	heterotypic	0.8189250925881375	7.11872309777542e-49	14238	68742	0.5304373742642128	0.5797294562137363
ELF_0-RFX_1	heterotypic	1.2843421299851043	1.7985957922765456e-48	5633	20319	0.20985768571641458	0.17135845364997976
NF2L-NFE_0-NFI_0	heterotypic	1.2164599163117316	8.847740300981499e-47	12188	48151	0.4540645257432382	0.4060771150991769
ATF-CREB-JUN_0-ZNF_3	heterotypic	1.2295311521323793	1.0086260164725267e-46	9324	35823	0.34736606810222787	0.30211003913102147
ATF-CEBP_0-ZNF_0	heterotypic	1.2184180610885513	1.2644439337655241e-44	10125	39372	0.37720736159749646	0.3320402104979085
FOS-JUN_0-RFX_1	heterotypic	1.2747161705069123	3.070099854416529e-44	5381	19490	0.20046941360554354	0.16436715692888948
ATF-CEBP_0-CREB_0	heterotypic	1.2939333711096728	1.387677545711321e-43	4573	16241	0.17036733477386184	0.13696700850087706
CREB_0-FOS-JUN_0	heterotypic	1.2802594764721738	3.844020515312969e-43	4984	17926	0.1856791595261158	0.15117730400755633
CREB_0-ELF_0	heterotypic	1.264005097005601	8.388090552508015e-43	5617	20528	0.20926160494747037	0.17312103629739575
RUNX_0-STAT_0	heterotypic	1.2027071191556296	3.4760953471939834e-42	12974	51880	0.4833469935176216	0.43752530022938874
ELF_0-ZNF_0	heterotypic	1.201953027947105	4.5947055969658564e-42	13501	54201	0.502980403844721	0.45709924436648225
ATF-CREB-JUN_0-ZNF_0	heterotypic	1.219563375824893	1.1238042325260015e-41	8672	33352	0.323075776767752	0.2812710835244906
CREB_0-NF2L-NFE_0	heterotypic	1.245669186828753	4.3974600327362775e-41	6273	23321	0.23370091647418226	0.19667554985831873
NF2L-NFE_0-RFX_1	heterotypic	1.238236707367865	2.0744753077977917e-40	6593	24688	0.2456225318530661	0.20820402104979086
NF2L-NFE_0-ZNF_0	heterotypic	1.1965493185583045	4.338743654933309e-40	13353	53685	0.4974666567319872	0.45274760491161786
CTCF_0-NFI_0	heterotypic	0.839091543046214	3.972578201272266e-38	11687	56787	0.4353997466656732	0.4789080420995817
ATF-CEBP_0-NFI_0	heterotypic	1.203223997427121	1.0746075898886854e-37	9217	35923	0.3433797779599136	0.3029533801106463
ATF-CREB-JUN_0-CREB_0	heterotypic	1.2732918886591271	2.8194163686653967e-36	4217	15141	0.15710453766485358	0.12769025772500336
RUNX_0-TAL_0	heterotypic	1.1847607686870762	1.1194615618541788e-35	15216	62237	0.5668728112659265	0.5248701254891378
RFX_1-STAT_0	heterotypic	1.2086078735761534	6.58283270745602e-35	7436	28544	0.2770285373668132	0.2407232492241263
CREB_0-STAT_0	heterotypic	1.2149216941670038	1.5499996574071439e-34	6763	25738	0.25195589002309815	0.2170591013358521
CTCF_0-NFI_1	heterotypic	0.8455722560960892	3.669765891432592e-33	9609	47120	0.35798375679904626	0.3973822695992444
ATF-CREB-JUN_0-NFI_0	heterotypic	1.2007871274605844	3.7497564860058684e-32	7236	27877	0.2695775277550108	0.23509816489002833
E2F_1-GATA_1	heterotypic	1.4263963135160906	9.038285089848637e-32	1609	5074	0.0599433723269503	0.04279112130616651
RFX_1-RFX_1	homotypic	1.1805173721045266	1.6826600633315415e-30	9066	35773	0.33775426570300277	0.301688368641209
FOS-JUN_0-NFI_1	heterotypic	1.1897453756887033	2.938882657811788e-29	7264	28188	0.2706206691006631	0.2377209553366617
ELF_0-NFI_1	heterotypic	1.1769773162485204	1.4675500181245938e-28	8535	33643	0.3179718351836674	0.28372520577519905
CTCF_0-STAT_0	heterotypic	0.8609428799737862	1.937061901972182e-28	12556	59900	0.4677743834289546	0.5051612467953043
ATF-CREB-JUN_0-RFX_1	heterotypic	1.2441171577935757	2.092320826820808e-28	3914	14307	0.14581625810297294	0.12065679395493185
RFX_1-TAL_0	heterotypic	1.1725312917433561	7.369595272811883e-27	8269	32633	0.3080619923999702	0.2752074618809877
STAT_0-ZNF_3	heterotypic	1.1589757323358825	1.7251091293408303e-26	16684	69520	0.6215632218165561	0.5862906490352179
CREB_0-TAL_0	heterotypic	1.1606806639735534	1.2155114568202732e-23	8184	32521	0.3048953133149542	0.27426291998380786
ATF-CEBP_0-RFX_1	heterotypic	1.1932661261868924	5.244519085577238e-23	4912	18740	0.1829967960658669	0.15804209958170287
NFI_0-STAT_0	heterotypic	1.1388503318062664	7.478507379741917e-22	14091	58396	0.5249608821995381	0.49247739846174604
RUNX_0-RUNX_0	homotypic	1.151129305088519	1.0620926262000124e-21	8458	33859	0.31510319648312346	0.2855468222911888
RFX_1-RUNX_0	heterotypic	1.1653232105247517	4.777776083639789e-20	5823	22775	0.21693614484762686	0.19207090810956687
STAT_0-ZNF_0	heterotypic	1.1264003332914845	2.6996159786170182e-18	15495	64978	0.5772669696743908	0.5479861017406558
E2F_1-ELF_0	heterotypic	1.182392074426854	9.239689215657694e-18	3955	15120	0.14734371507339245	0.12751315611928216
CREB_0-RUNX_0	heterotypic	1.1528917048906944	1.3190742271203788e-17	5839	23038	0.21753222561657104	0.1942888948859803
NF2L-NFE_0-NFI_1	heterotypic	1.1288631096277346	6.803089673604402e-17	8828	35894	0.3288875642649579	0.30270881122655513
RFX_1-ZNF_3	heterotypic	1.1314640876667215	3.7264764664236623e-16	7612	30732	0.2835854258251993	0.2591755498583187
CTCF_0-RUNX_0	heterotypic	0.8949820809680386	4.2990540906618616e-16	11316	53222	0.42157812383577975	0.44884293617595467
NFI_0-TAL_0	heterotypic	1.1161865429891278	1.1847874397408187e-15	16011	67562	0.596490574472841	0.5697780326541627
ATF-CREB-JUN_0-E2F_1	heterotypic	1.2194804177304133	1.3140035875899344e-14	2151	7906	0.0801356083749348	0.06667453784914316
NFI_0-RFX_1	heterotypic	1.1316801036485273	1.403565859537645e-14	6396	25679	0.23828328738544072	0.21656153015787344
ATF-CEBP_0-NFI_1	heterotypic	1.1257632496896022	1.8884689448547607e-13	6349	25590	0.23653230012666715	0.21581095668600728
ATF-CREB-JUN_0-NFI_1	heterotypic	1.1339805278098514	4.093048548869923e-13	5228	20846	0.19476939125251472	0.1758028606126029
RFX_1-ZNF_0	heterotypic	1.1143760200784338	3.8934789936594965e-12	6950	28303	0.25892258401013335	0.23869079746323033
NFI_0-RUNX_0	heterotypic	1.0980316393701486	1.0642236729206675e-11	11215	46868	0.4178153639818195	0.39525705033058967
CREB_0-RFX_1	heterotypic	1.1554746888035645	7.918701337056365e-11	2911	11294	0.10844944489978392	0.09524693023883417
CREB_0-ZNF_0	heterotypic	1.1031655980510315	9.737927096460784e-11	7540	31008	0.28090306236495044	0.26150317096208336
CREB_0-E2F_1	heterotypic	1.1708972326717093	1.0774630363625723e-10	2372	9066	0.08836897399597646	0.0764572932127918
TAL_0-ZNF_3	heterotypic	1.0998577185255574	1.5188092951202972e-10	19196	82454	0.7151479025407943	0.6953683713399001
CREB_0-NFI_0	heterotypic	1.1097005495809158	2.4550933342965866e-10	5964	24275	0.22218910662394756	0.20472102280394008
NFI_1-STAT_0	heterotypic	1.0898492246028864	6.948846719163503e-10	10320	43200	0.3844720959690038	0.364323303197949
CREB_0-ZNF_3	heterotypic	1.0923371550056402	3.2123115099023724e-09	7960	33019	0.2965501825497355	0.2784627580623398
ATF-CEBP_0-E2F_1	heterotypic	1.1516256097010198	8.223858743160138e-09	2344	9096	0.08732583265032412	0.07671029550667927
E2F_1-FOS-JUN_0	heterotypic	1.1461413663552231	3.0645532366417134e-08	2313	9014	0.08617092616049475	0.07601875590338686
CTCF_0-E2F_1	heterotypic	0.9119792642564037	3.538730774565188e-08	5391	25617	0.20084196408613367	0.216038658750506
CREB_0-CREB_0	homotypic	1.1463891687342849	5.612701406973819e-08	2204	8583	0.08211012592206245	0.07238395628120362
E2F_1-STAT_0	heterotypic	1.1082765352938737	8.817445414170844e-08	4015	16241	0.14957901795693315	0.13696700850087706
RUNX_0-ZNF_3	heterotypic	1.0687839996289556	9.418344290876477e-07	14617	62610	0.5445570374785783	0.5280157873431386
E2F_1-NF2L-NFE_0	heterotypic	1.1061619424631803	1.7421025585640833e-06	3230	13050	0.12033380523060874	0.1100559978410471
CREB_0-NFI_1	heterotypic	1.0881626495700982	2.2933819216288206e-06	4779	19685	0.17804187467401833	0.16601167183915802
RUNX_0-ZNF_0	heterotypic	1.060363785713778	1.4719107389595127e-05	13771	59097	0.5130392668206541	0.49838921872891645
TAL_0-ZNF_0	heterotypic	1.0611416666473945	3.443433236725888e-05	17976	77838	0.6696967439087996	0.6564397517204156
E2F_1-RUNX_0	heterotypic	1.0708255919246183	0.00023449024815594839	4309	17967	0.16053200208628268	0.15152307380920255
E2F_1-RFX_1	heterotypic	1.1020593258419302	0.0003275202243385574	1862	7512	0.06936889948588033	0.06335177438942113
NFI_0-NFI_0	homotypic	1.0530499484219906	0.0006260463204860855	7564	32188	0.28179718351836675	0.271454594521657
CTCF_0-RFX_1	heterotypic	0.9560681185769946	0.006730743741782368	5635	25788	0.20993219581253258	0.21748077182566455
NFI_1-TAL_0	heterotypic	1.0374583089310436	0.006824231794249737	12205	52837	0.4546978615602414	0.4455960734043989
NFI_1-RFX_1	heterotypic	1.0487365300116893	0.009258624913573679	4464	18950	0.16630653453542954	0.15981311563891512
ZNF_3-ZNF_3	homotypic	1.0363888213343977	0.01529191757663739	18768	82011	0.6992027419715371	0.6916323708001619
NFI_1-ZNF_3	heterotypic	0.9677359182519674	0.01574773957346135	12124	54523	0.45168020266746145	0.45981480232087435
CTCF_0-NF2L-NFE_0	heterotypic	0.9676489253453286	0.017090254486921273	10822	48748	0.4031741300946278	0.41111186074753747
NFI_1-RUNX_0	heterotypic	1.0344325710447004	0.019717206156777432	8668	37419	0.322926756575516	0.3155697611658346
NFI_1-ZNF_0	heterotypic	0.9712894565445356	0.0333449905350299	11476	51543	0.42753893152522165	0.4346832411280529
NFI_0-ZNF_3	heterotypic	1.0286110509802573	0.038384576842086064	14832	64693	0.5525668728112659	0.5455825799487248
ATF-CEBP_0-CTCF_0	heterotypic	0.9705693493962979	0.04315334910646097	7998	36077	0.29796587437597793	0.30425212521926864
CREB_0-CTCF_0	heterotypic	0.9707983068871842	0.06345751301845695	6282	28386	0.23403621190671337	0.239390770476319
NFI_0-ZNF_0	heterotypic	1.0212560459405724	0.12145935026288451	13964	61064	0.5202294910960436	0.5149777357981379
E2F_1-NFI_1	heterotypic	0.9705691390645992	0.1271438609679788	3701	16775	0.1378809328664034	0.14147044933207395
ATF-CREB-JUN_0-CTCF_0	heterotypic	1.0178696439546242	0.25388867732076503	6898	30073	0.25698532151106473	0.25361793280259076
E2F_1-TAL_0	heterotypic	1.017325409739906	0.32062541303957925	5125	22327	0.19093212130243647	0.18829274052084738
ZNF_0-ZNF_0	homotypic	0.9865948392332434	0.3313594924393243	16381	72744	0.6102749422546755	0.6134799622183241
NFI_1-NFI_1	homotypic	1.0127298530544866	0.35091087919824815	13622	59801	0.5074882646598614	0.5043263392254757
CTCF_0-FOS-JUN_0	heterotypic	1.010774520270536	0.4580113622360624	8825	38705	0.32877579912078086	0.3264151261638106
E2F_1-ZNF_3	heterotypic	0.9883227832860103	0.4662644122302684	6182	27557	0.23031070710081217	0.2323994737552287
E2F_1-NFI_0	heterotypic	0.9908782775508875	0.625658691939134	4284	19071	0.1596006258848074	0.16083355822426124
ZNF_0-ZNF_3	heterotypic	1.0069445578772385	0.6588028983011655	20007	88226	0.745361746516653	0.7440460126838483
NFI_0-NFI_1	heterotypic	0.9969662719226163	0.8310962090924718	10897	48225	0.40596825869905373	0.40670118742409933
E2F_1-E2F_1	homotypic	0.9968882676427172	0.8701365839208859	4447	19696	0.16567319871842634	0.16610443934691674
CTCF_0-ELF_0	heterotypic	0.9978688978238731	0.8799258100872044	11047	48862	0.41155651590790554	0.41207326946430983
E2F_1-ZNF_0	heterotypic	1.0003241785577546	0.9871239968600376	6092	26905	0.2269577527755011	0.22690089056807447
