pair_name	orientation	odds_ratio	p_value	n_p300_pos	fraction_this_orientation
FOS-JUN_0-NF2L-NFE_0	++	1.2838191941672383	5.479953779035136e-42	9165	0.5480376635280393
FOS-JUN_0-FOS-JUN_0	+-	1.3205369424119502	8.772448897650613e-41	4629	0.28791091425968685
FOS-JUN_0-FOS-JUN_0	++	1.3149720395537476	1.1022104918216698e-38	4439	0.2759898851874539
FOS-JUN_0-NF2L-NFE_0	--	1.257752004652923	1.1482310833080342e-35	9139	0.5503152515068189
FOS-JUN_0-FOS-JUN_0	--	1.2942666951506776	2.066878777522641e-34	4390	0.2751574549623836
FOS-JUN_0-NF2L-NFE_0	+-	1.2407362342398611	2.7169139149106697e-31	6557	0.38588450962419796
NF2L-NFE_0-TAL_0	-+	1.2211843855120081	1.3805830197200506e-30	8229	0.4518090081220773
STAT_0-TAL_0	+-	1.189723396647024	1.4086542288943874e-25	11094	0.5639993628205809
FOS-JUN_0-TAL_0	-+	1.218613869407767	8.41670019274778e-25	9222	0.5971798056550011
FOS-JUN_0-TAL_0	+-	1.2119267757662495	2.331885754160276e-23	9332	0.6060641484620443
NF2L-NFE_0-STAT_0	-+	1.203927731346389	4.368439550498775e-23	7795	0.5043540842029507
NF2L-NFE_0-STAT_0	--	1.2035952390168578	6.52719013871935e-23	6856	0.4395106153292551
FOS-JUN_0-STAT_0	+-	1.2226512263355045	2.258076958043188e-22	7924	0.5927570252432469
STAT_0-TAL_0	--	1.1714905878808264	7.588672784266826e-22	8647	0.4347262783412096
FOS-JUN_0-NF2L-NFE_0	-+	1.3477598307628962	1.3858389083141813e-21	14080	0.895564258534011
NF2L-NFE_0-STAT_0	+-	1.1904935350379648	1.3463325622439393e-20	7702	0.500093558834113
FOS-JUN_0-TAL_0	++	1.1902067182485117	2.0049508093416867e-20	8211	0.5306349090377731
NF2L-NFE_0-TAL_0	+-	1.1742641216890095	2.1117740730404383e-20	8760	0.49109032734432684
FOS-JUN_0-STAT_0	-+	1.2082990404073515	6.743431330941837e-20	7988	0.6002755664421311
NF2L-NFE_0-NF2L-NFE_0	-+	1.2300308774514506	3.3106683773170203e-19	4887	0.46360947434613503
ELF_0-TAL_0	+-	1.1790914120920393	4.2270024322737996e-19	6269	0.3694029359489171
ELF_0-STAT_0	--	1.1888510754401753	4.708318661912052e-19	5776	0.3758430137556077
STAT_0-TAL_0	-+	1.1641409255784831	7.980096364877758e-19	12237	0.6316147188445813
ELF_0-NF2L-NFE_0	+-	1.208895657402808	9.300084793317562e-19	4906	0.38887837377446344
NF2L-NFE_0-TAL_0	++	1.165681678666004	1.3321910744192025e-18	7981	0.4462589219788334
NF2L-NFE_0-TAL_0	--	1.1652571084363434	1.5726011601563736e-18	7990	0.44686192468619246
STAT_0-TAL_0	++	1.1547594063707447	2.7793880192020035e-18	8532	0.431434184675835
ELF_0-STAT_0	+-	1.1793394290678239	3.4070672283247705e-18	7640	0.5075017083098131
GATA_1-STAT_0	-+	1.22572816273116	1.3416431746598262e-17	4702	0.4620929131372652
FOS-JUN_0-TAL_0	--	1.1706832545562889	5.120285430270853e-17	8200	0.5331190180463213
GATA_1-TAL_0	++	1.1890341666071433	1.5792443935150925e-16	5726	0.4392427266678764
ELF_0-STAT_0	-+	1.1708491409788757	2.1527295589287843e-16	8462	0.5677530526753617
ELF_0-NF2L-NFE_0	-+	1.1877833086665708	1.7319604277109262e-15	4670	0.3722792141424083
ATF-CEBP_0-FOS-JUN_0	+-	1.2037955723816975	2.2523917677998713e-15	5342	0.5284173913043478
NF2L-NFE_0-STAT_0	++	1.1607050145164821	2.5577415075375977e-15	6688	0.4350485786254048
STAT_0-STAT_0	-+	1.1718524400936838	3.3295722167185238e-15	4937	0.3296622942501977
ATF-CEBP_0-STAT_0	-+	1.181268191048981	5.9026880550090956e-15	5533	0.4609759793892551
FOS-JUN_0-STAT_0	--	1.1710160213968166	1.0753175708525423e-14	7525	0.5684663536776213
GATA_1-TAL_0	-+	1.185423825441609	1.6132105377390182e-14	4258	0.32222423839190306
ATF-CREB-JUN_0-FOS-JUN_0	+-	1.2412289975783257	1.8864170846759413e-14	4742	0.6272846579814987
ELF_0-FOS-JUN_0	+-	1.1935284191170776	2.2143773339834244e-14	5408	0.5233137693310974
STAT_0-STAT_0	+-	1.1657085337914912	7.518664304622812e-14	9558	0.6662637477429079
STAT_0-STAT_0	--	1.1545045950007056	2.0385967648636098e-13	5644	0.3819820626464312
ELF_0-ZNF_0	--	1.1568324168034347	2.1100896131513464e-13	5305	0.365587427254734
ELF_0-FOS-JUN_0	-+	1.1834661619054483	3.2242746697049966e-13	5279	0.5115520775107136
FOS-JUN_0-STAT_0	++	1.1598721891112482	3.5972872272289193e-13	7486	0.5671565625637885
STAT_0-STAT_0	++	1.1509584519135665	6.413587158290239e-13	5665	0.3840414260345316
ELF_0-TAL_0	-+	1.1407054545637756	9.743993966547934e-13	6219	0.37237838193667305
ELF_0-ZNF_0	+-	1.1499244114500256	1.6652229343210033e-12	8460	0.6000265871023013
ELF_0-ZNF_3	-+	1.1442034725081849	1.712376332718509e-12	9084	0.6011311905090357
ELF_0-ZNF_3	--	1.1451269850082701	1.9570385685771206e-12	5538	0.3569319906193958
ELF_0-STAT_0	++	1.145931473184639	2.1698634328503174e-12	5715	0.37841290590926646
FOS-JUN_0-ZNF_3	-+	1.1492939171238632	1.7207873887597747e-11	7433	0.5809387134897855
ATF-CEBP_0-NF2L-NFE_0	+-	1.16002246493588	2.0785242410761413e-11	4619	0.40324601827148515
FOS-JUN_0-GATA_1	-+	1.199391988099392	2.2095694335133022e-11	3777	0.47935584562996597
ELF_0-FOS-JUN_0	--	1.1670378385545956	2.391840119348103e-11	4761	0.4608952860070803
TAL_0-TAL_0	-+	1.1286859014352506	2.4290049678946322e-11	6121	0.34742678076413164
ELF_0-ZNF_0	++	1.1397709547523858	4.0305606714417436e-11	5338	0.3707128297539216
ELF_0-ZNF_3	++	1.1346009576777776	5.08757402033039e-11	5562	0.3602289971030487
ELF_0-ZNF_0	-+	1.1371390585934007	5.371841194733492e-11	8176	0.580706626096718
FOS-JUN_0-GATA_1	+-	1.194774061872212	5.7543132689218507e-11	3917	0.499077752553916
NF2L-NFE_0-NF2L-NFE_0	+-	1.1687016073319307	6.61323004140717e-11	3763	0.359643198174069
NF2L-NFE_0-RUNX_0	+-	1.1477110244114277	1.165446849451903e-10	5072	0.42534786129720975
STAT_0-ZNF_0	+-	1.122171392551972	1.2118395313709902e-10	8091	0.4989126787866738
RUNX_0-STAT_0	--	1.1364562786649781	1.3715541759468902e-10	5581	0.4053412279890215
ELF_0-TAL_0	++	1.1221851658384787	1.476585696809331e-10	7546	0.4589691264564545
ATF-CREB-JUN_0-NF2L-NFE_0	++	1.172398528287166	1.7787353385406558e-10	4212	0.47507063096999863
ATF-CREB-JUN_0-FOS-JUN_0	++	1.1911002209232555	2.9557217959019393e-10	4492	0.5984443519733683
GATA_1-NF2L-NFE_0	-+	1.1746547102440579	4.674469687275057e-10	3348	0.35851136736092487
FOS-JUN_0-ZNF_0	-+	1.1427361546453076	5.189038400574248e-10	6827	0.5765357410487453
RUNX_0-TAL_0	+-	1.118042496568997	7.3016875922504e-10	7539	0.47308690431616596
FOS-JUN_0-FOS-JUN_0	-+	1.342032734849507	8.782083584573249e-10	13345	0.952959839168198
GATA_1-RUNX_0	+-	1.193820727110865	9.087751633279315e-10	2562	0.33467428894064505
NF2L-NFE_0-RUNX_0	--	1.1418939531135224	1.6781587557410925e-09	4255	0.3550025767503497
GATA_1-STAT_0	+-	1.1524438652067033	3.049230595097656e-09	4383	0.4399168727310991
ATF-CREB-JUN_0-TAL_0	+-	1.1382060079724983	3.3285476271324184e-09	5785	0.5152922337870296
FOS-JUN_0-GATA_1	++	1.1747456603912076	3.3923029314688453e-09	3471	0.4418984108967083
FOS-JUN_0-ZNF_0	++	1.1324476811877782	3.929778738450083e-09	6025	0.5068265311717508
ELF_0-NF2L-NFE_0	--	1.134973841708653	4.174985392859231e-09	4704	0.38342733845629706
ELF_0-FOS-JUN_0	++	1.1454025138435837	4.395836909961433e-09	4733	0.4616172908514999
NF2L-NFE_0-RFX_1	+-	1.1755415260659539	6.2068932121208715e-09	3567	0.5091908826444167
ATF-CEBP_0-FOS-JUN_0	--	1.1444989480780916	7.080446472490869e-09	4769	0.47749565217391304
ATF-CREB-JUN_0-ATF-CREB-JUN_0	++	1.1999510727185605	7.48102390964396e-09	1687	0.18251666013328108
NF2L-NFE_0-ZNF_3	++	1.115066076815411	8.067590461624446e-09	6018	0.39159109645507006
ATF-CEBP_0-TAL_0	--	1.1218807611233201	8.165665365027612e-09	5598	0.4054101556258588
NFI_0-STAT_0	+-	1.1145736063322624	8.276305419382459e-09	6796	0.4605377515968381
FOS-JUN_0-NFI_0	-+	1.1361346505993557	9.826242522332733e-09	5605	0.5216189856957087
NF2L-NFE_0-NFI_0	--	1.1270835815565383	9.875686928502582e-09	4831	0.37383781633769203
FOS-JUN_0-ZNF_3	++	1.1235025354956822	1.0200283133459123e-08	6568	0.5138612189768699
NF2L-NFE_0-RFX_1	++	1.1718279264847473	1.1998808625591073e-08	3552	0.507528531696557
CTCF_0-ELF_0	--	1.1274722168116424	1.5714191526661484e-08	5072	0.4349763808442805
STAT_0-ZNF_3	+-	1.1023898098622398	1.6232424103752482e-08	8539	0.49215813651338686
RUNX_0-STAT_0	+-	1.1175495077323996	1.6457751261968634e-08	6222	0.4574582909303975
ELF_0-RUNX_0	-+	1.1320537106324344	1.9216158697088606e-08	4543	0.39810528793346933
ATF-CEBP_0-TAL_0	-+	1.1188220805536813	2.1091489216535053e-08	5432	0.39345860096507207
ATF-CEBP_0-FOS-JUN_0	++	1.1392910665231932	2.2244646538274573e-08	4715	0.472695652173913
ATF-CEBP_0-NF2L-NFE_0	-+	1.1314641534236605	2.634577867936325e-08	4572	0.40360983102918585
ATF-CEBP_0-FOS-JUN_0	-+	1.1387452064905121	2.8505498154682734e-08	5278	0.5324057971014493
ATF-CEBP_0-NF2L-NFE_0	++	1.1318847373681147	3.0938858101384455e-08	4352	0.3833777993370523
NFI_0-STAT_0	-+	1.1094038774380217	3.463797199728059e-08	6810	0.46245533681901585
FOS-JUN_0-RUNX_0	--	1.1355973244021145	3.913609918869061e-08	4634	0.457799361482081
ATF-CEBP_0-STAT_0	--	1.1266355599145885	4.262883531319104e-08	4615	0.38927407744184284
ELF_0-GATA_1	--	1.1716769037431136	4.474561234680916e-08	2570	0.3338908482710977
TAL_0-TAL_0	++	1.099913652578825	4.477621446687385e-08	7966	0.4620585753886947
RUNX_0-STAT_0	-+	1.1141028411282938	4.5583006957837636e-08	5898	0.4332963271347951
STAT_0-ZNF_0	++	1.102500650116353	4.919691207203189e-08	7979	0.4952468529817454
FOS-JUN_0-RUNX_0	-+	1.1338464006992317	5.293112782373861e-08	4959	0.4918386618103332
ELF_0-RUNX_0	--	1.1326892182018948	5.6155083521772334e-08	3771	0.3281225482504315
GATA_1-NF2L-NFE_0	++	1.1507231408875451	6.653440529126852e-08	3241	0.34998957122850927
ELF_0-ZNF_3	+-	1.1090406631947047	6.765021671088327e-08	9174	0.6134639260587668
GATA_1-TAL_0	--	1.119156710765368	8.257820757017014e-08	5634	0.442972640577431
GATA_1-NF2L-NFE_0	+-	1.146972746795924	8.537512132185102e-08	3512	0.38100771729090316
ATF-CEBP_0-NF2L-NFE_0	--	1.127044353940213	8.584332058765875e-08	4399	0.38847117794486213
ATF-CREB-JUN_0-FOS-JUN_0	--	1.1584761101829875	1.0587927903671427e-07	4432	0.5949873563586313
ELF_0-NFI_0	+-	1.1215074473902846	1.1155949507802737e-07	4726	0.401651376146789
ATF-CREB-JUN_0-NF2L-NFE_0	+-	1.1413031887424365	1.1252530481353387e-07	4203	0.4791874075070631
ATF-CREB-JUN_0-TAL_0	++	1.1225803992439343	1.224201504460012e-07	5594	0.5001000800640513
FOS-JUN_0-ZNF_3	+-	1.1150098567014817	1.2687187228576698e-07	7258	0.5722775620462603
ATF-CREB-JUN_0-NF2L-NFE_0	-+	1.1396340216346044	1.5092119472957967e-07	4300	0.491107224539217
TAL_0-TAL_0	+-	1.0988697040529771	1.6262204823188938e-07	6259	0.3604314812582861
ELF_0-NF2L-NFE_0	++	1.1163982041103908	3.307689784020873e-07	4685	0.38484687890373626
CTCF_0-FOS-JUN_0	-+	1.1283572377593993	4.294701458743669e-07	5189	0.5639385651167683
ELF_0-TAL_0	--	1.0947961947072022	4.827833441950251e-07	7423	0.45602001184912117
FOS-JUN_0-RUNX_0	+-	1.1227030716605833	5.32120730299759e-07	5098	0.5082737533162462
ATF-CEBP_0-TAL_0	++	1.1047994102945498	5.947445251201467e-07	5568	0.4060652542102068
ATF-CREB-JUN_0-ZNF_3	++	1.1226595281080745	6.968988181251489e-07	4449	0.45433805125478993
ATF-CEBP_0-STAT_0	++	1.113471221416644	7.852462030827169e-07	4563	0.3869061150261423
ATF-CEBP_0-ZNF_0	++	1.1233757835012756	8.270171574225135e-07	3521	0.32715114047315996
GATA_1-TAL_0	+-	1.1137300782192285	1.0348174930917596e-06	4270	0.33343414181737535
E2F_1-ELF_0	--	1.1916362603282797	1.0565009344506886e-06	1862	0.436435124508519
ELF_0-ELF_0	+-	1.1554925735192472	1.2132979207047572e-06	2170	0.2757651059377452
ATF-CEBP_0-ATF-CREB-JUN_0	+-	1.125901669508439	1.2399758919275755e-06	3755	0.3991766448276728
NFI_0-STAT_0	--	1.0958032061257141	1.2532778167288675e-06	6497	0.4428380261288231
NF2L-NFE_0-ZNF_3	-+	1.0940237047194155	1.3215675759773532e-06	7813	0.5175872492442979
ATF-CEBP_0-ZNF_3	++	1.1139814773519428	1.673883893522766e-06	3853	0.32964589471343597
FOS-JUN_0-GATA_1	--	1.1389631535728377	1.8993979442334498e-06	3434	0.44253688989784334
NF2L-NFE_0-ZNF_0	+-	1.096603273321226	1.951168381634769e-06	6868	0.49588293206837913
FOS-JUN_0-ZNF_0	+-	1.1060500464006873	2.4236890789812993e-06	6638	0.5659715241350319
NF2L-NFE_0-NF2L-NFE_0	++	1.1202878528190348	2.9135946780525744e-06	3458	0.33649300137410626
NF2L-NFE_0-ZNF_3	--	1.0922353714183757	2.9941127017300637e-06	5994	0.39389942291838415
CTCF_0-ELF_0	++	1.1026939351067873	3.915118942924284e-06	5084	0.4405014271645329
NF2L-NFE_0-ZNF_0	--	1.0950973170357006	4.222330952004233e-06	5505	0.39479101405173184
ELF_0-RUNX_0	+-	1.105584817076009	5.617175003119224e-06	4514	0.3999097756158795
ATF-CREB-JUN_0-FOS-JUN_0	-+	1.1348265280641319	6.492238800125109e-06	4605	0.6236996254921418
RFX_1-STAT_0	-+	1.1268663599184028	6.582281597294095e-06	4460	0.5767926625903279
CREB_0-FOS-JUN_0	-+	1.1555672005782116	6.745737095680618e-06	2582	0.48978611959842866
STAT_0-ZNF_0	--	1.0835952139090037	7.184127055770364e-06	8035	0.5023548270848608
ATF-CEBP_0-ELF_0	+-	1.1200627676857564	7.384535392492338e-06	3172	0.33660599652594214
ATF-CEBP_0-ELF_0	--	1.1188681837871275	7.4570405583128456e-06	3328	0.3538755884500164
NF2L-NFE_0-ZNF_0	-+	1.0901183868526776	8.26235298666804e-06	6926	0.5014171067155941
NFI_1-STAT_0	--	1.1052245416558548	8.875941825450336e-06	6407	0.6016068759342302
GATA_1-STAT_0	--	1.1164410956336739	9.00291141274104e-06	3459	0.34902930499289736
ATF-CREB-JUN_0-STAT_0	--	1.11247892252057	9.230571459413303e-06	4532	0.4910159034486149
NFI_0-TAL_0	--	1.0824623314935404	9.35088316862744e-06	6735	0.4051428092805093
STAT_0-ZNF_3	-+	1.0794494048743897	9.637247105269666e-06	8330	0.483875458215396
ELF_0-GATA_1	++	1.1368350657421227	9.91916834115929e-06	2537	0.33432716430934806
ATF-CREB-JUN_0-STAT_0	-+	1.1122799576465305	1.1106776898336067e-05	5038	0.5484600447361305
ATF-CREB-JUN_0-ATF-CREB-JUN_0	-+	1.1512129001056668	1.1569967308770203e-05	1593	0.17666274663530643
NF2L-NFE_0-ZNF_3	+-	1.0844950687375225	1.2270664915948653e-05	7773	0.516584226435834
NF2L-NFE_0-NF2L-NFE_0	--	1.1113498331131244	1.33271026544722e-05	3458	0.3378671076227962
ATF-CREB-JUN_0-GATA_1	++	1.1560648564247584	1.332925660648013e-05	2215	0.4164795572032792
STAT_0-ZNF_3	++	1.0777363225653316	1.4466395897071809e-05	8645	0.5030741032898706
FOS-JUN_0-RFX_1	--	1.1543066299521778	1.5988380281728223e-05	3748	0.6721080776808331
FOS-JUN_0-ZNF_3	--	1.091227212493755	1.8111432768635862e-05	6570	0.5198041533006922
ATF-CEBP_0-GATA_1	++	1.1406274112906765	1.827642768070836e-05	2201	0.3209842410837711
FOS-JUN_0-RFX_1	+-	1.1565271004318836	1.951599940830853e-05	3896	0.7005347593582888
NFI_1-STAT_0	+-	1.1019693313614074	2.44438342725648e-05	6776	0.6386584454409566
STAT_0-ZNF_3	--	1.075364924086721	2.5731341490037306e-05	8775	0.511321980418542
ATF-CEBP_0-RUNX_0	+-	1.1109564398016956	2.945374298203664e-05	3307	0.3701256607160666
ATF-CEBP_0-TAL_0	+-	1.0869621425348006	3.138016026884916e-05	5441	0.39957818042373694
ATF-CREB-JUN_0-ELF_0	-+	1.1207271859036954	3.204229944637336e-05	3116	0.4182898324892871
TAL_0-TAL_0	--	1.07502223453526	3.259794678129747e-05	7911	0.46329998794745086
RFX_1-TAL_0	++	1.1070716338900546	3.985055840950675e-05	4562	0.5315388000586768
FOS-JUN_0-RFX_1	-+	1.1469733140986367	4.233842256728813e-05	3783	0.6799887419082465
NF2L-NFE_0-RUNX_0	-+	1.092430905784005	4.32068881131696e-05	4676	0.3999852757122874
ATF-CEBP_0-ATF-CREB-JUN_0	++	1.101843180379587	5.7852788552971795e-05	4857	0.5263197529934484
NF2L-NFE_0-RFX_1	--	1.1181180203461172	5.801013924537751e-05	3479	0.5056743710239443
GATA_1-NF2L-NFE_0	--	1.1097897444956903	6.195928060427585e-05	3217	0.3533565745955127
RUNX_0-TAL_0	--	1.0764629427069055	6.721854446251248e-05	6155	0.390352859153293
CTCF_0-ELF_0	-+	1.0881708790686064	6.867383717256133e-05	5036	0.43884892086330934
NF2L-NFE_0-NFI_0	+-	1.0844353467405183	7.626584680311708e-05	5406	0.4276670147002768
NF2L-NFE_0-ZNF_0	++	1.0811947302843699	8.016868562797877e-05	5421	0.3910170351144127
STAT_0-ZNF_0	-+	1.07276053848309	8.640606088292126e-05	7787	0.48837498291352377
RFX_1-STAT_0	--	1.109408755160389	9.080964272378938e-05	4439	0.5769594219010561
ELF_0-ELF_0	-+	1.1213859871982288	0.00010164626033920378	2225	0.2875686633533874
GATA_1-NFI_0	-+	1.1120836302437178	0.00010971198096340926	2854	0.36155969415273326
GATA_1-STAT_0	++	1.0997717385680634	0.00012928261573524948	3438	0.3493975903614458
RFX_1-STAT_0	++	1.1068179094677228	0.00013502660385910733	4486	0.5838243468593663
CTCF_0-CTCF_0	--	1.0892303871496254	0.0001375113772145107	4674	0.47464072964695586
ATF-CEBP_0-ELF_0	-+	1.1020015030628716	0.00014444702831716995	3048	0.32580620799033305
NFI_0-STAT_0	++	1.0732423318069642	0.00018268856828633018	6432	0.4423827720832701
GATA_1-NFI_0	+-	1.107761517902035	0.0002206711074401512	2742	0.3476315872965513
NFI_0-TAL_0	-+	1.0670980416328866	0.00022259575824582232	8294	0.5048999078649803
ELF_0-RUNX_0	++	1.0875539411861916	0.00025286688027882767	3751	0.3333594853287306
RUNX_0-TAL_0	-+	1.0683302944653834	0.0002663843502392029	7236	0.46233199488722193
ATF-CEBP_0-ATF-CREB-JUN_0	-+	1.0939143768815325	0.0002873311499359242	3486	0.3747772171599267
FOS-JUN_0-NFI_1	++	1.1118608929463714	0.00028931936480738223	5253	0.7058840121854902
ZNF_0-ZNF_0	--	1.0690014947878497	0.0003051869860743868	11152	0.6688134642356242
TAL_0-ZNF_3	++	1.0601199292667587	0.00030654794702300456	8480	0.430122970978849
ATF-CREB-JUN_0-ATF-CREB-JUN_0	--	1.1214807912912685	0.00030752342652439694	1614	0.1820201228276493
FOS-JUN_0-ZNF_0	--	1.079287148882364	0.00030828049340957695	5947	0.509458446804233
ATF-CREB-JUN_0-STAT_0	+-	1.0903722937538776	0.000334520797265288	4841	0.5299265049283485
TAL_0-ZNF_0	+-	1.0655593619221908	0.00041547950123005183	12579	0.6887928695180245
CREB_0-ELF_0	+-	1.1132951541680103	0.0005094981469082509	2243	0.3793459552495697
GATA_1-NFI_0	++	1.1028383182677577	0.0005350201381382333	2515	0.3188552936324122
CTCF_0-CTCF_0	-+	1.0806681124470914	0.0005391100839666496	4879	0.4978797159492478
ELF_0-RFX_1	--	1.1100252464006213	0.0005558258707461456	2801	0.4768418618988903
E2F_1-ELF_0	-+	1.1314442198046704	0.0005558722101015532	1966	0.4726605504587156
FOS-JUN_0-RFX_1	++	1.1211782407347148	0.0005639432332847595	3729	0.673515339150014
ATF-CEBP_0-RUNX_0	-+	1.092581120265387	0.0006032714453971435	2983	0.3357434925700608
ATF-CREB-JUN_0-STAT_0	++	1.0852297192975076	0.0006710775298842301	4471	0.4889757392522675
ATF-CREB-JUN_0-NF2L-NFE_0	--	1.0882514726235313	0.0007026583845434056	4088	0.47461321135476925
GATA_1-GATA_1	+-	1.1717540101601336	0.0007201577637908718	961	0.27945648042569365
CREB_0-GATA_1	++	1.1532311958060244	0.0007753579755984663	1110	0.2989749430523918
ATF-CEBP_0-STAT_0	+-	1.0742785049676706	0.0008201816884589781	5240	0.453512161854967
FOS-JUN_0-NFI_0	--	1.076971391478986	0.0008631249133106023	5123	0.4850861508452536
FOS-JUN_0-NFI_0	+-	1.0759630029717469	0.0010045964906974813	5511	0.5231631989596879
CREB_0-NF2L-NFE_0	+-	1.1001702526163588	0.0010488603803191104	2514	0.3828816652024059
NF2L-NFE_0-NFI_0	-+	1.0685243122573755	0.0011676022037806519	5543	0.44172094333681367
ATF-CEBP_0-ATF-CREB-JUN_0	--	1.081230492201611	0.0012000854954741461	4829	0.5268217988302332
FOS-JUN_0-NFI_1	+-	1.101488717711684	0.0012052008842219698	5368	0.7238237617059686
ATF-CREB-JUN_0-RFX_1	++	1.1292482931805825	0.0012184753437989974	2516	0.6205477196641238
NF2L-NFE_0-NFI_1	-+	1.0816894346169945	0.0012485496546773616	5362	0.5922364831626492
GATA_1-ZNF_0	+-	1.0847648775471725	0.001254025641983349	3881	0.448026824864586
RUNX_0-ZNF_3	-+	1.0630130380799634	0.001265391998465283	9117	0.612013932950911
ELF_0-NFI_0	--	1.0746560099482763	0.001348544688809847	3827	0.330348623853211
E2F_1-ZNF_0	+-	1.101017493711411	0.0014125842825021251	4092	0.6541200715216535
RUNX_0-ZNF_0	+-	1.064043968611906	0.0015288238990528867	8711	0.620766317176264
ATF-CEBP_0-ZNF_0	-+	1.0734771588837344	0.0015357327663838307	4723	0.4524718669818373
CTCF_0-FOS-JUN_0	+-	1.0781012708408872	0.0015696728526264172	4926	0.5430254576057227
ATF-CREB-JUN_0-ZNF_0	++	1.079143224130996	0.0016562620710660544	4093	0.4569531696173615
ATF-CEBP_0-ZNF_3	-+	1.0695446601605758	0.0017491555772340805	5142	0.4522393314432894
FOS-JUN_0-NFI_0	++	1.0710887775153772	0.0020239514394573693	5154	0.4891905071521456
GATA_1-NFI_1	++	1.1036414274532689	0.0020971249439180155	2518	0.47478180983004137
ATF-CEBP_0-CREB_0	-+	1.112038976639099	0.002261225034332958	1730	0.35908523109445567
CREB_0-ELF_0	-+	1.0992991417094005	0.002374514773676263	2184	0.3713520749665328
ELF_0-RFX_1	+-	1.0953603926315703	0.002590307486988605	2852	0.4884787299630086
ATF-CEBP_0-RUNX_0	--	1.0812299592781056	0.002644637714434761	2905	0.3285628802233968
CTCF_0-NF2L-NFE_0	++	1.0668637754253503	0.002677904473334983	4583	0.410626154104415
CREB_0-ELF_0	--	1.1020326708566415	0.002837405921513444	1787	0.3018932874354561
FOS-JUN_0-NFI_1	--	1.0902714242146996	0.0029148074407028333	5200	0.7016247320320433
GATA_1-ZNF_0	++	1.0842551656572381	0.0029315068287688786	2642	0.30235290745994897
ATF-CEBP_0-NFI_0	--	1.0762310289732564	0.002943553671719051	3188	0.3328090385467435
NF2L-NFE_0-NFI_1	--	1.0737957082602956	0.002981298794046528	4925	0.5437368632887617
NF2L-NFE_0-NFI_1	+-	1.0745097031069093	0.0030667223485804805	5347	0.5918116363311122
ZNF_0-ZNF_0	++	1.056182994385568	0.0030758365798749824	11061	0.6653576437587658
ATF-CREB-JUN_0-NFI_0	++	1.0816739790752616	0.0032230799104062628	3216	0.42912881269045655
RFX_1-RUNX_0	-+	1.0905926669318504	0.003300919542257464	2933	0.486432617665571
CTCF_0-CTCF_0	++	1.0681575679131383	0.0033200172481706878	4689	0.4803116481001582
ATF-CREB-JUN_0-RUNX_0	+-	1.0812775528565002	0.0034027785262937364	3344	0.44637214745465187
ATF-CREB-JUN_0-ELF_0	++	1.08286795144103	0.003563813282950419	3268	0.4460135047396442
ATF-CEBP_0-GATA_1	-+	1.092638722284942	0.003908834492408677	2175	0.323985939413089
ATF-CREB-JUN_0-RUNX_0	-+	1.0798882172539506	0.004172586490231469	3187	0.42510239906378
ELF_0-NFI_1	--	1.0718862867854981	0.0043818424048556424	4499	0.5133007729147897
CTCF_0-ELF_0	+-	1.062189396777422	0.0044393366500199965	4976	0.43829808542956816
ZNF_0-ZNF_3	-+	0.9558316523322968	0.004569344786767502	8142	0.41588055399000307
RUNX_0-RUNX_0	--	1.072027814283868	0.004618076843872343	3791	0.4345062268119196
NF2L-NFE_0-NFI_0	++	1.0607500651220423	0.00473397669660781	4730	0.3769866918576708
ELF_0-NFI_1	-+	1.0716151086134973	0.004794972580263907	4900	0.560552894874105
NFI_1-TAL_0	-+	1.0606843968908695	0.004806316510189907	7834	0.6307770363764952
RUNX_0-ZNF_0	-+	1.0566674057625918	0.004810790941148746	8611	0.6147554482077181
ATF-CREB-JUN_0-TAL_0	-+	1.062838108406244	0.005355524632048194	5196	0.47365892714171337
FOS-JUN_0-NFI_1	-+	1.0842446234398857	0.00620704430575897	5315	0.7188310955658355
NF2L-NFE_0-RUNX_0	++	1.0622505346078421	0.00626356570908107	4119	0.35619892512699697
NFI_0-TAL_0	++	1.0499403447390496	0.006359611861690871	6666	0.406806025869599
CTCF_0-TAL_0	++	1.0498735411327509	0.006495517436201234	7917	0.5118510221860186
GATA_1-RFX_1	++	1.107198153430446	0.007222101383885276	1803	0.4626656897355625
NF2L-NFE_0-NFI_1	++	1.0657095944094328	0.00784117527596432	4899	0.5422834399177139
CREB_0-FOS-JUN_0	++	1.0896725497341002	0.007892168199538706	2317	0.44823221300742033
ZNF_0-ZNF_3	++	1.0473109510149075	0.008174787437132201	14453	0.7147635194441622
NFI_0-RUNX_0	--	1.0591208089686939	0.008249864534102275	4301	0.3726219375720951
ATF-CEBP_0-NFI_0	+-	1.0650864906925241	0.00856302283414342	3648	0.3838723969871511
CREB_0-ZNF_3	++	1.068411534001931	0.008640877356055933	3496	0.4261206959662266
ELF_0-RFX_1	++	1.0822557915224533	0.00872096962133899	2772	0.47664919852034526
ATF-CREB-JUN_0-NFI_1	-+	1.090521685309044	0.009259117684763528	3591	0.6717419651760375
CREB_0-ZNF_0	+-	1.0694606098089539	0.00935319742917839	3428	0.4412939711528484
CREB_0-RFX_1	+-	1.1142342609191112	0.00937389272946424	1520	0.5006687785990849
CTCF_0-STAT_0	-+	1.0524781104562915	0.00943795830424251	6782	0.529617975046925
NFI_0-ZNF_3	-+	1.0484785526210407	0.009467363328023991	7502	0.496171015403961
CTCF_0-NF2L-NFE_0	--	1.056943333868206	0.01021223379448548	4585	0.4126573778747692
GATA_1-ZNF_3	++	1.0678031290956629	0.010951880694100058	2928	0.30243914976739406
NFI_1-STAT_0	++	1.0583495873098394	0.011567944610954693	6283	0.5978512705530643
RUNX_0-STAT_0	++	1.0515962526918452	0.011731346166086693	5372	0.4043389767786104
E2F_1-GATA_1	++	1.1609416262110088	0.011875455311063796	642	0.3722878946580877
ATF-CEBP_0-ZNF_0	--	1.0609925978274455	0.012094239663421935	3461	0.33133321211386546
CTCF_0-GATA_1	+-	1.075744296981112	0.01210946388510149	2426	0.3599032215298953
ATF-CREB-JUN_0-ELF_0	+-	1.0705453445166648	0.012255646995152886	3265	0.4477665238280743
RFX_1-RUNX_0	--	1.0763970830337999	0.01245446053583586	2865	0.4773760402825372
ZNF_0-ZNF_3	--	1.044553817888248	0.012727707435743722	14464	0.7157613666811417
CTCF_0-FOS-JUN_0	++	1.0606145592888256	0.012805285189391422	4562	0.5049652850831055
ELF_0-NFI_0	++	1.0572787002150714	0.013098357378960736	3876	0.3375412844036697
ATF-CEBP_0-ELF_0	++	1.0640749308413702	0.01357753458269555	3237	0.35269239483422704
CREB_0-TAL_0	-+	1.063446091559723	0.013975512254980064	3511	0.4170249355116079
GATA_1-ZNF_3	-+	1.0602912784529448	0.014165967322777015	4378	0.45698717454442644
ATF-CREB-JUN_0-ELF_0	--	1.0691059416767528	0.014564892072201449	3185	0.4367939228671601
ZNF_3-ZNF_3	--	1.0435964214194127	0.014806189494024475	12981	0.6841901586640073
CTCF_0-ZNF_0	++	1.0462064079244076	0.014822114621256748	7743	0.5345263919016631
RFX_1-RFX_1	++	1.088273382029635	0.01663068826481876	1187	0.12348625080844801
RFX_1-TAL_0	+-	1.0611456094629712	0.016860153505401994	4672	0.5533225759131583
ATF-CEBP_0-ATF-CEBP_0	+-	1.0833131650607613	0.017311576064468988	1787	0.3348234444143412
E2F_1-STAT_0	--	1.0874381383743092	0.018145120008072568	2024	0.4873124012638231
ATF-CREB-JUN_0-CREB_0	--	1.0865464978213222	0.01939743186628465	1790	0.4087199090815167
TAL_0-ZNF_0	-+	1.0423221821058988	0.02039676962032108	12391	0.6820402028931054
TAL_0-ZNF_0	++	1.0394081275455371	0.020616626087293925	7869	0.43004153881478696
E2F_1-STAT_0	-+	1.0837874933622764	0.02285582626431933	2164	0.5229067930489731
ATF-CREB-JUN_0-TAL_0	--	1.0507958612161006	0.023310062703495043	5455	0.500080064051241
CREB_0-STAT_0	++	1.0654168342576065	0.024320104619833204	2651	0.38011138118827115
GATA_1-RUNX_0	++	1.0695438542635074	0.024988579834844833	2166	0.2977274331286612
ATF-CEBP_0-ZNF_3	--	1.0517775627805956	0.025205902819397153	3797	0.33476013119128356
E2F_1-ZNF_3	+-	1.068245124028942	0.025392760629326307	3998	0.634280802631969
CTCF_0-NFI_0	-+	0.9554290543042925	0.025437087191960563	5746	0.5011099103309286
ATF-CEBP_0-GATA_1	--	1.0710295640517147	0.025996300522170224	2138	0.3215766815435049
NFI_0-RFX_1	-+	1.0641456562270701	0.026259257166690433	3347	0.5108651597817615
GATA_1-ZNF_0	-+	1.0571790260214236	0.027916395360209526	3747	0.4369357750838277
RUNX_0-ZNF_3	+-	1.0433844454001426	0.028034076793627807	9529	0.6440493609747886
E2F_1-RUNX_0	-+	1.077734814066334	0.028084923701526515	2036	0.4574878793320165
FOS-JUN_0-RUNX_0	++	1.0520807684472513	0.02816396972837043	4562	0.46519627681100767
NFI_1-TAL_0	++	1.0460900930556158	0.02818349533507785	7303	0.5895267673195781
RFX_1-ZNF_0	+-	1.0613332401926288	0.029028867188381952	4108	0.5794684140356849
CREB_0-CREB_0	++	1.1280124391587467	0.029476795633041192	571	0.24121627885417632
GATA_1-ZNF_3	+-	1.0533856200820353	0.02950329309044563	4433	0.4640810136993343
CREB_0-ZNF_3	--	1.0566427219285763	0.029707189875466597	3450	0.42255789550745504
ATF-CREB-JUN_0-GATA_1	+-	1.0740966457152408	0.031695978234392644	2174	0.4215445668633492
TAL_0-ZNF_3	+-	1.0385573778331485	0.032161390918534066	13642	0.7043089030988686
ELF_0-ELF_0	--	1.0614797111524006	0.032529371454634165	2709	0.36162699450693175
ELF_0-NFI_1	+-	1.0538261165360878	0.03267155506288368	4862	0.559367442742662
ATF-CEBP_0-RFX_1	-+	1.0710347231441126	0.032896986408184045	2433	0.4817351598173516
CTCF_0-RFX_1	++	0.9389573364352337	0.033258987426325895	3037	0.5517614486204373
CREB_0-STAT_0	+-	1.0611171607560708	0.033734777309900335	2756	0.3962339620319375
ELF_0-NFI_1	++	1.0526404880806086	0.03484807071258258	4505	0.517615818673242
E2F_1-NF2L-NFE_0	--	1.0878141130141379	0.03520365275962592	1432	0.4267813267813268
CREB_0-STAT_0	-+	1.0601299315245003	0.03589097776492273	2844	0.4093104827543768
E2F_1-RUNX_0	--	1.0736199247428146	0.03659180991606564	2082	0.468890285509068
ELF_0-RFX_1	-+	1.0653190121283957	0.03701401921788371	3127	0.5428483353884094
ZNF_3-ZNF_3	++	1.0369921046762287	0.03702966347282681	12830	0.677174808243781
TAL_0-ZNF_3	--	1.0342686528600766	0.03749797093629287	8375	0.42958189867191343
E2F_1-RFX_1	+-	0.8938194386805317	0.03847091703156261	1182	0.6553232344783444
RUNX_0-TAL_0	++	1.0391093903460955	0.03868350673758237	6044	0.38986223903528594
ATF-CEBP_0-NFI_1	-+	1.0599829732393469	0.03909775031411805	3390	0.5223081499107673
CTCF_0-GATA_1	++	1.0625294992962564	0.03939138954657358	2322	0.34634760705289674
ATF-CREB-JUN_0-RFX_1	+-	1.080872491793647	0.04151007149662747	2587	0.6471104769222326
ELF_0-GATA_1	-+	1.062836344091047	0.0418545633074336	2233	0.3034578046031342
E2F_1-NFI_0	-+	1.0714752607453866	0.04245222574609157	2181	0.4950117747805609
ATF-CEBP_0-NFI_0	++	1.051546114386158	0.042481724599235424	3169	0.33486929552503325
ATF-CREB-JUN_0-ZNF_0	-+	1.0512744370557	0.0437448408122941	5274	0.5986579097658481
NFI_0-ZNF_0	-+	1.0384575078385834	0.04471014353871493	7076	0.4990536866236605
RFX_1-STAT_0	+-	1.0557406440748809	0.04518040472306846	4718	0.6244302390216787
ATF-CREB-JUN_0-NFI_1	+-	1.0685434478673352	0.04541322491746558	3544	0.6661808698320165
CREB_0-NF2L-NFE_0	-+	1.0591542509056615	0.0473645105989839	2623	0.40717713049942555
ATF-CEBP_0-RFX_1	++	1.065031510379632	0.05022227583753678	2393	0.47471672585827834
CREB_0-ZNF_0	-+	1.0519724822563916	0.050570896907876625	3361	0.4357165092871225
NFI_1-STAT_0	-+	1.0458265478979194	0.051122312106802154	6680	0.6389760837070254
ATF-CEBP_0-NFI_0	-+	1.0476393691124986	0.053880329504354785	3552	0.376650420912716
E2F_1-TAL_0	-+	1.0613279461890872	0.05479372187494699	2640	0.503023459128661
RFX_1-TAL_0	-+	1.0495479483395733	0.05496257650633093	5003	0.5957654882401838
ATF-CEBP_0-RFX_1	--	1.0634308442567721	0.056262279931663016	2419	0.4802976492474209
E2F_1-ELF_0	++	1.0710790615172032	0.05675769678638077	1809	0.44393184796854523
ATF-CREB-JUN_0-ZNF_0	--	1.0469483656140082	0.05781069828251496	4109	0.46475823339044353
CTCF_0-E2F_1	-+	1.0613475338629028	0.059554246372031105	3561	0.6494130546955624
ZNF_3-ZNF_3	-+	0.9687683105891607	0.06207577152844914	6597	0.357415731451989
GATA_1-NFI_1	+-	1.0615274090670384	0.0633588949881102	2672	0.5124023886081764
GATA_1-NFI_1	-+	1.0617335174728137	0.06340886151899047	2642	0.5064768029398254
NFI_1-NFI_1	-+	0.9604137148127013	0.06403832714942131	3448	0.2594010051346308
ATF-CEBP_0-NFI_1	--	1.0532985475054166	0.06422372888186248	3245	0.500704467891919
GATA_1-RFX_1	+-	1.0729609617762406	0.06423781780092018	1841	0.47865183507626724
CTCF_0-FOS-JUN_0	--	1.0438280520224996	0.06923309112818476	4579	0.5101409636019356
CREB_0-E2F_1	+-	1.0876841105801298	0.07017656669173211	1088	0.44221017660430145
NFI_1-RFX_1	+-	1.073330720931716	0.07404865198368724	3429	0.7577517724438371
E2F_1-ELF_0	+-	1.0662576517569677	0.07409669832559554	2020	0.4980340760157274
NFI_1-RUNX_0	--	1.0436209784709698	0.07538376171500039	4614	0.5236617701304055
E2F_1-FOS-JUN_0	+-	1.0886600796074246	0.0762382573716722	1387	0.5832965480709809
ATF-CREB-JUN_0-ZNF_3	+-	1.0423480181693734	0.07790017724529028	5166	0.5459055972711365
ATF-CREB-JUN_0-RFX_1	-+	1.0693503728531053	0.07808344906217587	2536	0.6358048405685747
ATF-CREB-JUN_0-RUNX_0	--	1.0481992752514082	0.07881888287562566	3293	0.4454066705675834
CREB_0-TAL_0	+-	1.0445544149417068	0.07971313700335093	3756	0.45031322933300577
ATF-CREB-JUN_0-E2F_1	+-	1.0909761847398132	0.07984328003725502	1293	0.5845679626131053
CREB_0-CREB_0	-+	1.0995798653371074	0.0821178722319987	581	0.24928154259757115
E2F_1-NFI_0	++	1.060852144393234	0.08316577131034726	1987	0.45185185185185184
E2F_1-E2F_1	--	1.071945939248628	0.08458612131767396	988	0.212566789545624
GATA_1-ZNF_0	--	1.0477982819935836	0.08464164846228295	2641	0.3077121485684808
E2F_1-TAL_0	++	1.0550376257585001	0.08489343020067014	2449	0.46699694011365295
CREB_0-ZNF_0	--	1.045472774686211	0.08700293763385	3314	0.43073570613261386
CTCF_0-STAT_0	+-	1.0341689191450427	0.08754208683383138	6546	0.514408744617423
E2F_1-E2F_1	-+	1.0712061415138312	0.08823430012119399	987	0.21244252992585844
NFI_1-NFI_1	++	0.963454055181391	0.08845789378796241	3434	0.25786197785435083
CREB_0-FOS-JUN_0	--	1.056092425412154	0.09079896545572966	2276	0.4460934089917067
ATF-CREB-JUN_0-RFX_1	--	1.0655296644591414	0.09116023840768403	2465	0.6180780418198781
ATF-CREB-JUN_0-NFI_1	++	1.056593274910484	0.09299929556924635	3419	0.6439364884559331
CREB_0-NF2L-NFE_0	--	1.0514477608171762	0.09523822131921897	2178	0.3383118199635061
CREB_0-GATA_1	-+	1.0731717304941153	0.09663222807347638	1089	0.3043849658314351
CREB_0-NFI_1	-+	0.9471685387459864	0.09834681173023403	2746	0.5852272727272727
NFI_0-NFI_1	++	1.0359804594441184	0.10046602341655061	6369	0.5774500186055952
ELF_0-NFI_0	-+	1.035524511342327	0.10513266655060025	4841	0.42721100917431193
CREB_0-TAL_0	++	1.0431312733151668	0.10586756519068835	2856	0.3413585554600172
NFI_1-RUNX_0	-+	1.0392338878366763	0.1089302303405222	4768	0.5423221298847831
NF2L-NFE_0-RFX_1	-+	1.046296607830338	0.11050687753105773	3984	0.59569706850804
ATF-CREB-JUN_0-E2F_1	++	1.0821256436478193	0.11103709040383564	1245	0.5635875509595307
E2F_1-GATA_1	--	0.9090445064299075	0.11105145836650536	580	0.37737543019601977
CREB_0-ZNF_3	+-	1.04104486686621	0.11183689109006606	3468	0.4277312769955343
ATF-CEBP_0-CTCF_0	++	1.0414604331385522	0.11230827768621485	3014	0.3690754395916052
CTCF_0-STAT_0	++	1.031929043896258	0.11240134705992727	5760	0.4523020867837032
E2F_1-E2F_1	+-	0.8848623387323356	0.11241039230712546	4223	0.954148200306507
GATA_1-RUNX_0	-+	1.0469053479870996	0.11397399237312289	2457	0.34201425647540407
GATA_1-NFI_0	--	1.0461138257948654	0.11424881432201338	2424	0.3156191503537549
NFI_1-TAL_0	+-	1.0337229814981526	0.1149657422316481	7843	0.6363887949325051
CREB_0-ELF_0	++	1.0523154078861274	0.1152515101040221	1806	0.3128705297379996
E2F_1-GATA_1	+-	1.096446869456158	0.11626444745646897	687	0.40999551099805476
CREB_0-RUNX_0	-+	1.0477032419102175	0.1187257564839959	2487	0.41687155867991826
ATF-CEBP_0-ZNF_3	+-	1.0339972291102266	0.12014078809185363	5066	0.45203550317786795
ATF-CREB-JUN_0-NFI_1	--	1.0522135455763597	0.12073703459122803	3421	0.6450870599064202
ATF-CREB-JUN_0-CREB_0	+-	1.0554363381087921	0.12534044382258508	2102	0.4879119743775183
NFI_0-NFI_0	+-	0.9593351988887794	0.12807413356695407	2531	0.3421463071040451
ATF-CEBP_0-RFX_1	+-	1.0492372386737039	0.1357148218118859	2604	0.5206325046507695
CREB_0-CTCF_0	+-	1.0425607641592691	0.1377638376619396	2907	0.4542806045921311
CREB_0-CTCF_0	++	1.0431358108655833	0.13861717311345423	2555	0.39840775354794045
GATA_1-RUNX_0	--	1.0450848819269336	0.14141202549724716	2159	0.3003740560378291
CREB_0-RUNX_0	--	1.0484742261255957	0.14432691190095742	1712	0.28545208989853516
ATF-CREB-JUN_0-GATA_1	-+	1.0500987319267785	0.14532555317667978	2081	0.40713278679964493
RUNX_0-ZNF_0	--	1.0286466944442172	0.14615757298457557	5483	0.3926826590547291
CTCF_0-GATA_1	-+	1.0430332041014359	0.14673972111896655	2447	0.36868619912501654
NFI_0-RFX_1	++	1.0413113739731117	0.15001894159154733	3285	0.5055027279812938
E2F_1-ZNF_3	-+	1.045292334590948	0.15010848128981086	4283	0.685052906132369
NFI_0-NFI_0	++	0.9615881429232394	0.1504623329111086	2557	0.345190179110485
NFI_0-RUNX_0	-+	1.031811391053223	0.1514143773100888	4251	0.3731212230773204
ATF-CREB-JUN_0-CTCF_0	--	1.0391301441883443	0.1531516501537823	3477	0.49625382056206213
ATF-CEBP_0-ATF-CEBP_0	++	1.049524951647954	0.16259917696953233	1625	0.309040007224781
E2F_1-RUNX_0	+-	1.0485995095875942	0.16424031035844228	2176	0.49542108098401866
TAL_0-ZNF_0	--	1.0235262985581366	0.16575248157920797	7876	0.4334961487882773
NFI_1-ZNF_3	--	1.02934868268933	0.16894221222678696	7751	0.6338319804342281
ZNF_0-ZNF_0	-+	0.9759943912553627	0.17081765931281698	6433	0.39745301542777
RUNX_0-ZNF_0	++	1.0268315603550229	0.17266028298893504	5532	0.39656639402755667
CREB_0-ZNF_0	++	1.035950080900218	0.173702890808013	3319	0.4332001660267718
RUNX_0-ZNF_3	--	1.0258671698108976	0.17681768266395684	5681	0.3837517966514302
ZNF_0-ZNF_0	+-	1.0243063098459706	0.17752814091632563	6443	0.38865638148667603
ATF-CREB-JUN_0-RUNX_0	++	1.0364727823153501	0.1788662564026675	3289	0.4470450555880632
CTCF_0-ZNF_3	++	1.0246280213208825	0.18067978385307915	7915	0.5292757999883849
RUNX_0-ZNF_3	++	1.0256409552208887	0.18100386794478218	5761	0.38924210444533647
NFI_1-TAL_0	--	1.0276303490896375	0.18490174933001247	7230	0.5870206943205929
NFI_1-ZNF_3	+-	0.9721514869581628	0.18976911980234057	8163	0.6783501132834187
CTCF_0-NF2L-NFE_0	-+	1.0280110622046164	0.19599066335090853	4896	0.446818868557999
NFI_0-TAL_0	+-	1.0228445979071814	0.19918529223167264	7829	0.48441482296914073
CTCF_0-ZNF_0	--	1.0240043438607145	0.19939273479803193	7711	0.5366955892986262
RFX_1-RUNX_0	+-	1.038833745745835	0.20002253797098596	3183	0.5390936429120917
ATF-CREB-JUN_0-CREB_0	++	1.0460868821505405	0.2035398818153809	1792	0.41636532699659057
E2F_1-E2F_1	++	1.0523203864260051	0.20376856378021047	992	0.2159632191525494
RFX_1-TAL_0	--	1.0315588597298588	0.2085274586188487	4413	0.5275047674930321
E2F_1-STAT_0	+-	1.0454192096542607	0.21081322123800778	2048	0.5011848341232228
CREB_0-NFI_0	--	0.9615821592555756	0.2131063643517916	1835	0.3144283871821158
CTCF_0-NF2L-NFE_0	+-	1.0270942720181122	0.21426124877983377	4809	0.4389793520228303
GATA_1-GATA_1	++	1.0580032470772978	0.22072972291345366	988	0.30216647662485746
CREB_0-GATA_1	+-	1.0518331970014454	0.22493631748979986	1150	0.3250284738041002
NFI_0-RFX_1	--	1.0341798822646242	0.2294583145530596	3215	0.4959314107560405
CREB_0-FOS-JUN_0	+-	1.039475894107875	0.22949216717971516	2444	0.48280226975120033
CTCF_0-RUNX_0	--	1.0253644303609255	0.23180721242991909	4802	0.4193188509095417
E2F_1-ZNF_3	++	1.0346584925136568	0.2359970811378479	3655	0.5844867956963751
CTCF_0-RFX_1	--	0.9655423491564549	0.23715647169852594	3055	0.5492791904019348
CTCF_0-TAL_0	-+	0.979073543929311	0.23892048536440358	7634	0.5076423536865448
ATF-CREB-JUN_0-ATF-CREB-JUN_0	+-	1.0621403397644131	0.2445707028278871	7739	0.9354762838102705
RFX_1-RUNX_0	++	1.0344011858628555	0.25180841186950115	2856	0.4837401216868312
ELF_0-GATA_1	+-	1.034685884661648	0.2564619380309283	2219	0.30571210413409444
NFI_1-RFX_1	--	1.0443318544855154	0.2634921139850573	3331	0.7394721107029982
ATF-CEBP_0-GATA_1	+-	1.0344490808193192	0.267905042761893	2262	0.3463801887910265
GATA_1-NFI_1	--	1.0360231709932668	0.2691596659050622	2473	0.4780431786862655
GATA_1-ZNF_3	--	1.0287356447741343	0.27361669282928275	2899	0.3053435114503817
NFI_0-NFI_0	-+	1.030220740018103	0.2753539423044883	2502	0.3254679009861139
ELF_0-ELF_0	++	1.0309530941205494	0.27930334060029527	2606	0.35270075856657074
ATF-CREB-JUN_0-CTCF_0	+-	1.0294517418334024	0.2795117441348715	3537	0.5068567255416407
CTCF_0-NFI_0	+-	0.9785357601440499	0.2861150764103746	5900	0.5093320092297806
ATF-CEBP_0-CREB_0	+-	1.0377963068473424	0.2869382173459884	1668	0.3580762948015759
CTCF_0-NFI_1	--	0.9759493327663048	0.2955833942142732	6052	0.6345255513053288
RUNX_0-RUNX_0	-+	1.0313468041497842	0.29838035479089925	1833	0.21256232719710755
CREB_0-NFI_0	++	1.0327582383082414	0.30042730151245545	1959	0.32279506597440394
CREB_0-RUNX_0	+-	1.0309649102354277	0.3096857705706437	2383	0.4022578522699726
RFX_1-ZNF_3	-+	1.0258859297598752	0.32645334255357006	4338	0.5648602128103484
RFX_1-ZNF_3	+-	1.0256570878054896	0.3306011077175852	4458	0.5807166701439599
CTCF_0-STAT_0	--	1.0191981296287458	0.33429984556095654	5782	0.4565943469139892
ATF-CEBP_0-ZNF_0	+-	1.022053143445479	0.33479307608797304	4532	0.4433197971594238
CREB_0-RUNX_0	++	0.9692499310736995	0.3394540703397916	1647	0.2871489420646189
CREB_0-RFX_1	--	1.0403402148148047	0.3490706173577729	1410	0.4765223512847589
ATF-CREB-JUN_0-ZNF_3	--	1.0220613146230748	0.35078913296652847	4328	0.4598755177531176
ATF-CEBP_0-RUNX_0	++	1.0245966992298654	0.3550813928249553	2815	0.3274159768624713
NFI_1-NFI_1	--	0.9800797879565202	0.3566846613207765	3477	0.25837952685125914
CREB_0-GATA_1	--	0.9610828204855933	0.3578001602182143	1013	0.2999715261958998
E2F_1-NFI_0	+-	0.9695570086261053	0.361177119567723	2065	0.4883322628987369
NFI_1-NFI_1	+-	1.0837991745780406	0.36233895994511156	13452	0.9866799231848331
CTCF_0-NFI_1	-+	0.9787855278640588	0.3682857073450084	6330	0.6627474483950008
ATF-CEBP_0-NFI_1	++	1.0256304943219106	0.3695615960144949	3204	0.4995773192648486
GATA_1-GATA_1	--	0.9589544674879151	0.37290027190150615	982	0.31489927784112504
E2F_1-RFX_1	++	0.9549431762819661	0.39376356477028035	1136	0.6188393428632387
RFX_1-ZNF_0	++	1.0233618421637576	0.3958071563032107	3911	0.5581652625308484
NFI_1-RFX_1	-+	1.0339833822565385	0.3974675509214044	3374	0.7507901255659007
ATF-CREB-JUN_0-CREB_0	-+	1.0296107890689696	0.4031730425841677	2077	0.48682715156524436
CREB_0-E2F_1	++	1.0394449647984658	0.40372121257782956	1075	0.44561986361251965
E2F_1-RFX_1	-+	1.0456041534668925	0.4094057328555892	1163	0.6161723917217836
NFI_0-RUNX_0	++	1.0180272525011478	0.4099687229082777	4273	0.37761479262434794
E2F_1-NFI_1	++	0.9685561688602018	0.4206076360025156	2535	0.6905645633912874
GATA_1-GATA_1	-+	1.0403596952443221	0.42369359903170156	839	0.25836183960471304
CREB_0-RFX_1	++	0.967034727455752	0.4292184413319763	1376	0.4793382611756424
ATF-CREB-JUN_0-CTCF_0	-+	1.021541238966336	0.4306459416599322	3595	0.5168375213004788
ATF-CEBP_0-E2F_1	++	1.03797066709811	0.4380929937900895	992	0.4159965034965035
ATF-CEBP_0-CREB_0	--	1.0286980376425832	0.44344833827309466	1398	0.30104737196118
E2F_1-NF2L-NFE_0	++	0.9699014091599978	0.4509009164326928	1374	0.4313882063882064
NFI_1-ZNF_0	-+	0.9832936714017659	0.46250759323104557	8218	0.7188943017185293
NFI_0-RFX_1	+-	0.9794254552656112	0.46531584204610776	3482	0.548526890101325
E2F_1-NFI_1	+-	1.0306265890098434	0.46907250755558355	2664	0.7147880445399493
ATF-CEBP_0-CTCF_0	-+	1.0185516436048005	0.4697975347070615	3132	0.38802041973908113
CTCF_0-RFX_1	+-	0.9788280530877274	0.4753586186837955	3213	0.5744836584667282
CTCF_0-NFI_1	++	0.9835759608869687	0.47809258041623426	6077	0.6356184667454036
GATA_1-RFX_1	--	0.9734575959325353	0.482729832291994	1654	0.4468793712116166
NFI_1-ZNF_3	-+	0.9843308778391652	0.4883593709271983	8866	0.7338064729095083
E2F_1-ZNF_0	++	1.0206171283644023	0.49338803414805155	3765	0.6140861290420341
CREB_0-NFI_0	-+	1.020225481056936	0.500184497400812	2509	0.41677965541188533
CREB_0-E2F_1	--	1.03269028599492	0.5002219907923942	1052	0.43722678789998254
ATF-CREB-JUN_0-NFI_0	--	1.0182984293831563	0.5044142229243986	3089	0.42337595762253294
NFI_0-NFI_1	+-	1.0170881964140923	0.5061757652354528	8384	0.7669226345522817
E2F_1-FOS-JUN_0	--	1.0317719279497501	0.5110632683095907	1308	0.5593714134369207
CTCF_0-RUNX_0	+-	1.013652898805092	0.5143087978566563	5697	0.5006507793857882
RFX_1-RFX_1	+-	0.9306592271253458	0.5149616031069923	8952	0.9881130266063025
ATF-CEBP_0-E2F_1	-+	1.0321045310764296	0.5175851515881205	885	0.37167832167832165
NFI_1-ZNF_0	--	1.014124417642509	0.5189271603944517	7372	0.6397435693997049
CTCF_0-NFI_0	--	0.9868752719906669	0.523032042470989	4838	0.4166252884306452
E2F_1-FOS-JUN_0	-+	0.9696529294601018	0.5250786673047247	1304	0.5697889997351461
ATF-CEBP_0-NFI_1	+-	1.018228775042164	0.5266731575559489	3460	0.5413757475187075
ATF-CREB-JUN_0-GATA_1	--	0.979317534627479	0.5359872791877431	2027	0.4088037178215237
RFX_1-ZNF_3	++	0.9841107597662334	0.5365373894682302	4189	0.553489463801377
CTCF_0-NFI_1	+-	0.9854577274053086	0.5445351012861841	6622	0.6917449628937581
ATF-CEBP_0-CTCF_0	--	1.0156423219126003	0.5470212271702852	2967	0.3680090754395916
ATF-CREB-JUN_0-NFI_0	+-	1.0161059083368698	0.5516109805493887	3372	0.4628485176430382
NFI_1-ZNF_0	++	0.9873095684357405	0.5549484556259064	7285	0.6372205207953157
CTCF_0-E2F_1	--	1.0178596044511252	0.5717791237770349	3244	0.5982327141382869
CREB_0-E2F_1	-+	1.026245474641976	0.5799302216902337	1182	0.49318062598356355
ATF-CREB-JUN_0-ZNF_3	-+	1.0132084570246536	0.5855515508005894	5596	0.5976698340975037
ATF-CREB-JUN_0-ZNF_0	+-	1.0132970074393226	0.5864513767674024	4690	0.5382162573767371
CREB_0-NF2L-NFE_0	++	1.0164358316173498	0.5885323645527384	2142	0.3385821450293979
CREB_0-RFX_1	-+	1.0230593420392535	0.5888337824665988	1436	0.4887715593101021
E2F_1-NFI_1	-+	0.978956344748152	0.5993355365047952	2649	0.7192811095917171
E2F_1-NF2L-NFE_0	+-	0.9793465019945856	0.6082768536430053	1475	0.4608108108108108
NFI_0-ZNF_3	+-	0.9907398270663329	0.6100688049370946	7585	0.5132851304621189
ATF-CEBP_0-CREB_0	++	1.0179620146309505	0.6232694503212517	1404	0.30407418083981935
CTCF_0-ZNF_0	-+	0.9903955436045635	0.6292812857137966	9626	0.677825982164377
RUNX_0-RUNX_0	+-	0.9853473140381512	0.6374205395290238	1673	0.1996833423919465
NFI_1-ZNF_3	++	0.9902235270176926	0.6398533354056942	7614	0.6298858163158132
ATF-CREB-JUN_0-E2F_1	--	0.9769428470003549	0.6409813129094095	1212	0.5679626131052998
GATA_1-RFX_1	-+	1.0174922759444298	0.6504650783282662	1806	0.47925131552654365
CTCF_0-CTCF_0	+-	0.9898526887637111	0.6512660494242553	5361	0.5670750176690338
CTCF_0-TAL_0	+-	1.0081565587278758	0.6554431271729241	7821	0.5139101019357613
ATF-CEBP_0-E2F_1	+-	1.0206771827902146	0.6727210414437443	993	0.41966783216783216
CREB_0-STAT_0	--	1.0116015786476404	0.6829091882273093	2574	0.37844989384942
ATF-CREB-JUN_0-CTCF_0	++	1.0105842633896116	0.6986328932213792	3423	0.4940899624029645
CTCF_0-RUNX_0	-+	1.0081792252029127	0.701592336702928	5839	0.5143171464873408
TAL_0-ZNF_3	-+	1.0067755993291558	0.7045835296343586	13623	0.7085489424495819
NFI_1-RUNX_0	++	1.0090650931218883	0.7114333276376669	4554	0.5235532796667173
ZNF_0-ZNF_3	+-	0.9940619205410783	0.7141339290597055	8161	0.4090804098565133
NFI_1-RUNX_0	+-	0.9911421828200475	0.7164460399518757	5078	0.5875843513355176
CREB_0-ZNF_3	-+	1.0087633996131091	0.7332062538672877	3406	0.4261695014519632
CREB_0-NFI_1	++	1.0112328642295745	0.7348285551643692	2452	0.5108322432962721
CREB_0-NFI_0	+-	1.0101769624330301	0.7396425967352985	2125	0.35444293792784154
NFI_1-ZNF_0	+-	0.992779971106229	0.7459942097377587	7917	0.6911407670702486
NFI_0-NFI_1	--	1.0070188159348086	0.7478762405994989	6236	0.5708704035722743
CTCF_0-E2F_1	+-	1.0105538187108698	0.7516209629147186	3573	0.660829463364293
E2F_1-ZNF_3	--	1.0094353746024756	0.7530121097093435	3655	0.5893772785204067
CREB_0-CTCF_0	--	1.0091564080002038	0.7536264232825048	2487	0.39410984192915655
CREB_0-NFI_1	+-	0.990414068062565	0.7712973901039216	2509	0.5269375408763898
NFI_0-ZNF_3	--	1.005276026277074	0.7762808972173825	6563	0.44143351147437915
E2F_1-NFI_1	--	1.0111838135280113	0.7829846483627877	2570	0.6924692322719281
E2F_1-STAT_0	++	1.0094766794171246	0.7914327229366103	1958	0.48578199052132703
CREB_0-CREB_0	--	0.9852819325685291	0.8025983742826555	534	0.24446092518772597
CTCF_0-TAL_0	--	1.004412068435018	0.809627796019386	7746	0.5097353743112831
NFI_0-NFI_1	-+	0.994975237780499	0.8151248408139999	5089	0.4680322045938906
ZNF_3-ZNF_3	+-	1.0038999066479732	0.8184019612888032	6511	0.346203078022207
NFI_1-RFX_1	++	1.009209934268696	0.8184046128020614	3341	0.7470316904416161
CTCF_0-ZNF_3	+-	0.9955500989213485	0.8224148282255619	10204	0.6895986991114467
E2F_1-TAL_0	--	1.0071105708357468	0.8279177952586949	2391	0.4651027247559376
CTCF_0-GATA_1	--	1.006206259819268	0.8372103972756643	2284	0.350225374519422
RFX_1-RFX_1	--	1.0074042765541615	0.8437314818462305	1118	0.12268337830906131
NFI_0-NFI_0	--	0.9945186645158567	0.8498795567262886	2539	0.33666230629905414
E2F_1-ZNF_0	-+	1.0061688360839425	0.8504791041424361	4360	0.7146710306997606
E2F_1-RUNX_0	++	0.9931342551615329	0.8517117821854963	2017	0.4694738732267912
ATF-CREB-JUN_0-NFI_0	-+	1.0046998895099442	0.8636955193847959	3468	0.4783413550536838
CREB_0-CREB_0	+-	0.9910281153716283	0.8672477966827725	1091	0.4968017057569296
E2F_1-FOS-JUN_0	++	1.0084661645355286	0.8697657953509372	1275	0.549571819546217
ATF-CEBP_0-ATF-CEBP_0	--	1.0054073600418578	0.8764185389393004	1575	0.3063758692314639
RFX_1-ZNF_0	--	0.9959785745965285	0.8821122606221274	3881	0.5592148185969988
NFI_0-RUNX_0	+-	1.0032753354012125	0.88698296378124	4074	0.36265344420914897
ATF-CEBP_0-E2F_1	--	0.9927040667476815	0.8881731703007356	990	0.42377622377622376
RFX_1-RFX_1	-+	0.9951299050444196	0.8999370336012114	1102	0.12196971386516202
NFI_0-ZNF_3	++	1.002259975093352	0.9051221804934779	6541	0.4405532851304621
E2F_1-GATA_1	-+	0.9921295460982626	0.9065351573105377	622	0.3879994014664073
CTCF_0-ZNF_0	+-	1.002419102205618	0.9125675846382467	9874	0.6930706194263678
E2F_1-TAL_0	+-	1.0038126470991164	0.9134272682638732	2755	0.5367914906017777
CTCF_0-ZNF_3	--	0.9980062436541935	0.9135410138349298	7874	0.531935652476915
ATF-CEBP_0-ATF-CEBP_0	-+	1.0035107039371431	0.918379420773459	1642	0.31974171407929197
E2F_1-NF2L-NFE_0	-+	0.9958837772397094	0.9216305533043176	1530	0.4745085995085995
ATF-CREB-JUN_0-E2F_1	-+	0.9943837100630583	0.9218412893971792	1214	0.5654767823406582
NFI_0-ZNF_0	--	1.001888508191671	0.9248018869427913	6211	0.4444074212294077
RUNX_0-RUNX_0	++	1.0020329745805294	0.9414751605771057	3749	0.4428480279792991
CTCF_0-RUNX_0	++	1.0015573681096486	0.9415685880878102	4808	0.42457157023768943
CTCF_0-NFI_0	++	1.0015243590468532	0.9425936069355261	4921	0.4207582440050238
CREB_0-NFI_1	--	0.9975959333357343	0.9485700474406524	2395	0.5016350555918901
CTCF_0-RFX_1	-+	0.9979475879520976	0.9522152403587018	3354	0.5956146771473125
E2F_1-RFX_1	--	0.9965133865176582	0.9574008044698705	1159	0.6231064646895669
CTCF_0-ZNF_3	-+	0.9990131629706915	0.9617059097442011	9925	0.6701550612695278
E2F_1-NFI_0	--	0.9986502462334611	0.9729113397140761	1943	0.4538214515093128
CTCF_0-E2F_1	++	1.0011919644593217	0.975618773616751	3226	0.5981682146542827
E2F_1-ZNF_0	--	0.9989545121226772	0.9767221967917518	3754	0.6164196745158651
RFX_1-ZNF_0	-+	0.999225072076786	0.978390190230607	4002	0.575979349275239
CREB_0-TAL_0	--	1.0007185784201376	0.979148566989853	2770	0.3383368136592556
CREB_0-CTCF_0	-+	1.000584474241253	0.9888441369614711	2906	0.4624725972077997
RFX_1-ZNF_3	--	1.0006501967817025	0.9897206333444089	4233	0.5559670352597538
NFI_0-ZNF_0	++	0.9997744746948172	0.9924684491964852	6198	0.4439009436477049
ATF-CEBP_0-CTCF_0	+-	1.000175176593751	1.0	3163	0.39543959160521835
NFI_0-ZNF_0	+-	1.0000100685619289	1.0	7213	0.5165404915498214
