pair_name	p300_pos_median_spacing	p300_neg_median_spacing	p300_pos_mean_spacing	p300_neg_mean_spacing	mann_whitney_p	ks_test_p	n_p300_pos_pairs	n_p300_neg_pairs
ZNF_0-ZNF_3	17.0	18.0	24.977933577439963	25.852832193471954	0.0	0.0	2024252	9503641
ZNF_3-ZNF_3	12.0	13.0	21.66333397142332	22.466932438509364	4.353774376362174e-280	0.0	1572401	7336117
ZNF_0-ZNF_0	28.0	29.0	32.914419980499325	33.5411616287923	1.5242609495055585e-58	8.512988554173955e-105	636901	3058929
ELF_0-ELF_0	22.0	29.0	30.42045883940621	33.038021617607626	3.280445886447202e-39	2.195253025390002e-72	18525	193916
FOS-JUN_0-FOS-JUN_0	-5.0	-11.0	13.344220152555945	11.499182265517316	2.8631522222769195e-32	3.089139926198945e-42	47458	140021
ATF-CREB-JUN_0-ATF-CREB-JUN_0	-14.0	-16.0	11.598678095631518	8.84754350132206	8.431771014870273e-22	5.415681149740202e-30	19366	63159
TAL_0-ZNF_3	36.0	34.0	37.32119198664441	36.66175898511374	1.2101739133812705e-20	4.009805008379048e-17	299500	1262171
FOS-JUN_0-NF2L-NFE_0	-7.0	-11.0	12.157176470588235	11.199947269551462	6.063966653596435e-14	2.157222115351493e-31	82875	242744
STAT_0-ZNF_0	44.0	43.0	43.73217009830028	43.00754878553909	1.1385732010496581e-10	1.0963526824614462e-12	110783	429738
CREB_0-ZNF_3	43.0	42.0	43.28316523216843	42.37258552938479	4.999491107788181e-10	1.259660892717275e-08	63553	252954
STAT_0-ZNF_3	42.0	41.0	41.56331328563028	41.01065238523744	2.2823704805924076e-09	7.026473641237752e-10	171757	664546
CTCF_0-E2F_1	25.0	23.0	26.771144128060037	25.416863149460465	4.782961784364307e-09	1.883913815709531e-09	33047	152261
E2F_1-RFX_1	42.0	39.0	41.06369107321966	38.27660569970225	1.7816716478905628e-08	5.0607437737112224e-09	5982	23510
FOS-JUN_0-RFX_1	40.0	38.0	40.618760484200024	39.1702422528965	4.085371142287699e-08	1.2814298276267417e-09	22057	72156
NFI_1-NFI_1	-20.0	-15.0	8.276130592503023	9.287214983713355	6.303846002889632e-08	7.581447392162583e-09	41350	184200
TAL_0-ZNF_0	39.0	39.0	40.64025834822042	40.25106389002202	6.774306110857359e-06	0.0007629943723955851	181925	777101
CREB_0-ZNF_0	44.0	43.0	44.051627408993575	43.30720857554963	9.61089843442928e-06	0.0002109651320151256	46700	183032
NF2L-NFE_0-RUNX_0	41.0	39.0	41.496670044882	40.50290823587649	1.4763233976480988e-05	5.8501146365162484e-05	27628	96966
ELF_0-STAT_0	29.0	28.0	31.798635635789335	31.00108514247646	1.5034907416951338e-05	4.921852373715473e-05	45589	145603
ATF-CEBP_0-GATA_1	42.0	40.0	42.41652197751988	40.86209376391219	2.115504784130376e-05	0.0009076375620427421	10943	29201
FOS-JUN_0-ZNF_3	42.0	42.0	42.43474890978468	42.88651616839536	2.3787985915461157e-05	9.235701142373884e-07	117408	396638
ATF-CREB-JUN_0-TAL_0	41.0	39.0	40.988252808228445	40.17984546039923	5.1834362427521824e-05	2.6500098845320785e-06	36945	124240
TAL_0-TAL_0	39.0	38.0	40.235961297258555	39.627150977374995	7.138713857276764e-05	3.356613913429941e-05	55810	206011
GATA_1-ZNF_3	43.0	42.0	43.35514661274014	42.69664483627204	0.00010490175637361228	0.0005403431221514016	49450	148875
ATF-CREB-JUN_0-ZNF_3	44.0	44.0	44.28126749933046	43.781678217719566	0.00011944934865008946	3.530973740162787e-07	82146	290594
CREB_0-CTCF_0	35.0	33.0	35.08505410938871	33.83414236236477	0.0001458349785520227	0.00018690751768993163	17095	74781
NF2L-NFE_0-STAT_0	39.0	38.0	40.08932763246143	39.4482264116349	0.00022005247864636718	0.00026807100627545904	47712	152713
ATF-CREB-JUN_0-NFI_1	40.0	40.0	41.26998385143319	40.32419630892518	0.0003788007369279485	3.4371819095621726e-05	19816	75371
ATF-CREB-JUN_0-RUNX_0	38.0	37.0	37.578143832864605	36.586721447116894	0.0005429887052765997	0.0007884755909728943	19912	70098
ATF-CEBP_0-ZNF_3	46.0	45.0	46.212079269186304	45.7104057486784	0.0005615620695769506	0.00024326796595515904	61411	218485
RFX_1-ZNF_3	45.0	46.0	45.17968430983258	45.6332822932236	0.0005822514919812721	3.71438604354931e-05	71019	273641
FOS-JUN_0-STAT_0	38.0	37.0	39.5378854143888	38.97194754563176	0.0006570170931035129	0.0008316138703954572	54876	169290
ATF-CEBP_0-ZNF_0	48.0	47.0	47.985927067283	47.372398732858755	0.0006629129789211065	0.0010049942296885945	38940	139211
FOS-JUN_0-RUNX_0	41.0	40.0	41.63245591286307	40.88879009711231	0.0007448001986059861	0.0071437349135582565	30848	101223
FOS-JUN_0-NFI_1	41.0	39.0	41.02680261310214	40.33812581308489	0.0014196659022078246	0.000450013168506405	32758	119145
NFI_0-TAL_0	43.0	42.0	43.478250420571975	42.97498986075436	0.0019426113840654235	0.0025277368366296094	49932	199719
ELF_0-TAL_0	37.0	36.0	38.73358189816733	38.234237921215545	0.0021588998628774814	0.003147978243988121	50691	173486
E2F_1-STAT_0	44.0	42.0	43.518881976693244	42.459196549429876	0.002399142117223394	0.024630759513149303	11413	43587
ATF-CEBP_0-NFI_1	42.0	41.0	42.26382037761524	41.40793217667917	0.0027356873516419886	0.0035383770421119182	17637	68531
ELF_0-ZNF_3	38.0	37.0	38.880634135225755	38.60929893421749	0.002900511473772606	4.226909161062727e-08	153595	551332
NFI_0-ZNF_0	45.0	45.0	45.79127988427851	45.45312703872069	0.00357379811114974	0.009551647266162427	87797	383206
RUNX_0-RUNX_0	17.0	17.0	24.427047704770477	25.041276448144295	0.005165033685667022	0.0018126329160846743	22220	95139
FOS-JUN_0-ZNF_0	43.0	44.0	43.651690674334375	44.027100755780154	0.0058694473539396596	0.0018738217182879902	72338	245971
ATF-CREB-JUN_0-CREB_0	22.0	24.0	27.093780655287425	28.095977280873473	0.006635718069190777	0.014559878356478434	10194	36269
CREB_0-NFI_1	36.0	34.0	37.30559033659866	36.38171574812945	0.006936577626278023	0.0008273759415016905	13577	56267
ATF-CEBP_0-NFI_0	44.0	43.0	44.5540828675157	43.82337792852208	0.007228150238117352	0.08847661370608784	17353	63684
CTCF_0-ZNF_3	30.0	30.0	31.071414176235052	31.246395422672403	0.009682027841256845	1.9980045380373637e-09	377110	1760678
CTCF_0-ZNF_0	30.0	31.0	31.16626775444331	31.370339191897603	0.010401944921896986	3.2925601927285102e-06	292462	1375593
NFI_0-NFI_1	17.0	18.0	25.673240814045545	26.094316921105676	0.010742216837772387	0.010313860294871078	42946	191991
RFX_1-TAL_0	43.0	42.0	43.59948161789782	43.06735580359597	0.012725049110531822	0.04174487784411052	29322	109122
E2F_1-NFI_0	32.0	33.0	33.6846671388102	34.507110276361686	0.01308880665175822	0.00029331391177203674	11296	48451
NF2L-NFE_0-NFI_1	38.0	37.0	39.89674147246992	39.36556470527812	0.01438416435120041	0.0031097346308056185	30167	116822
CTCF_0-CTCF_0	19.0	19.0	22.141880831559995	21.64220949310613	0.01495529509131087	0.1169270051544069	48872	243187
ATF-CREB-JUN_0-CTCF_0	34.0	33.0	34.22173873628864	33.51948547862707	0.015241704217451395	0.007677940399594591	22062	91658
ATF-CEBP_0-RFX_1	39.0	39.0	39.81482662415305	38.98689381133235	0.015743193699420475	0.01926692377138831	12545	45551
GATA_1-GATA_1	41.0	39.0	42.481966459912705	41.16694283347142	0.01694955980925265	9.020660516523846e-05	4353	9656
GATA_1-STAT_0	40.0	39.0	40.86466500356379	40.260563498597136	0.019443738970020462	0.06232036947601893	22448	59521
CTCF_0-GATA_1	37.0	39.0	37.24705043946472	38.074365744461026	0.021993067452256484	0.027007816177391786	12629	43555
RFX_1-ZNF_0	46.0	46.0	46.30877930816949	46.66979901089519	0.022380588495100214	0.03790951404924836	47555	186229
E2F_1-ELF_0	41.0	39.0	41.68269403925806	40.929650690495535	0.024144653134176925	0.0037576087648605295	11106	36930
NFI_0-STAT_0	37.0	36.0	37.746539253724194	37.31581947021461	0.025477023131313243	0.0417700467763048	41754	157913
FOS-JUN_0-GATA_1	38.0	39.0	39.90539863782051	40.52015382717065	0.027278680477522774	0.00047814578250060936	19968	48626
ATF-CEBP_0-STAT_0	40.0	40.0	41.93863267514201	41.43478350964079	0.02781615374715283	0.0017114982507090428	29576	96517
NF2L-NFE_0-RFX_1	37.0	36.0	38.250295683027794	37.60108925519279	0.029812587615726818	0.0012585632280320794	20292	69038
E2F_1-NFI_1	33.0	31.0	33.701964431012435	33.046366241208645	0.03783795400716359	0.00012557878470465352	17206	76780
ATF-CREB-JUN_0-ZNF_0	45.0	45.0	45.05840785327918	44.736102626756264	0.038270974848824746	0.0017605719219366388	54907	193166
ATF-CEBP_0-ATF-CREB-JUN_0	2.0	2.0	17.299423361645758	17.8392147209059	0.039191677525846805	0.07969014262757845	25666	81245
RUNX_0-ZNF_3	32.0	32.0	33.92535809472947	34.09928639791648	0.04045506502959659	0.04982490344828483	198481	843187
ATF-CEBP_0-CREB_0	37.0	38.0	38.39311373186932	39.32329975794487	0.04103393166515112	0.08350949552935327	7377	25614
RFX_1-RFX_1	-16.0	-16.0	2.0998571768626517	2.5994710140444224	0.04263137831699594	0.11545901082874965	16804	64652
NFI_1-RUNX_0	40.0	39.0	40.23091206646944	39.81057372987286	0.04351104202925337	0.022497196728410097	31774	135203
CREB_0-RUNX_0	39.0	38.0	39.682969280306324	38.984817379926454	0.05219460384219035	0.030557562291787854	11491	44327
ELF_0-ZNF_0	41.0	41.0	41.59096823054218	41.37904855535529	0.05760459138759828	0.001619985406985892	102992	366180
NF2L-NFE_0-NF2L-NFE_0	31.0	32.0	33.137665148577355	33.63521215959468	0.06039982929214683	0.0033342385837274923	22177	64739
CTCF_0-NFI_1	30.0	30.0	31.174325786116604	31.524760870141225	0.06090673845918242	0.09379416902807403	53618	264187
ATF-CEBP_0-ATF-CEBP_0	35.0	37.0	38.07846737666789	38.83438011495566	0.06146781548679166	0.04132729201951413	8169	26271
NFI_1-TAL_0	41.0	40.0	41.349293156756566	41.06164156242022	0.06591401481863815	0.008789358917707435	55953	235020
ELF_0-NFI_0	43.0	42.0	43.55592398928708	43.13106200122775	0.07379631681639703	0.21781785626350436	23523	84708
CREB_0-STAT_0	42.0	42.0	43.06695839410988	42.53649382145744	0.07561180753004312	0.06929406500799451	14397	51954
CREB_0-CREB_0	22.0	25.0	27.88219584569733	29.066841710427607	0.08945682487178216	0.09304651983346635	3370	13330
STAT_0-STAT_0	19.0	19.0	25.682430280696966	25.37032093796842	0.09055787595082644	0.056882544635835086	43962	146103
CTCF_0-STAT_0	38.0	37.0	37.26862910402323	36.984756034713776	0.09877526993025482	0.05025802918726219	42702	194044
CREB_0-ELF_0	41.0	40.0	41.700581681948144	41.09787284540303	0.10561557643226563	0.2428788093480807	10143	33707
ELF_0-GATA_1	41.0	42.0	42.383681121617215	42.904719014379	0.12126668128383676	0.08991961056989661	12268	31087
ELF_0-NF2L-NFE_0	38.0	38.0	39.94655322862129	39.594654917870805	0.12405200698607827	0.1486249330186168	27504	86023
CTCF_0-NF2L-NFE_0	37.0	36.0	36.83067561896769	36.47732435568484	0.13515124394603567	0.25137003929608825	28596	122378
E2F_1-NF2L-NFE_0	38.0	35.0	41.215308370044056	40.617535512343125	0.13767970666404736	0.010278663309333544	7264	29004
FOS-JUN_0-NFI_0	43.0	42.0	42.882795223352495	42.57361582688216	0.14310796997950445	0.2980664585620585	31654	110445
RUNX_0-STAT_0	39.0	39.0	40.15018792667025	39.87093483696846	0.15278343639971348	0.4535523053489181	39111	141169
E2F_1-FOS-JUN_0	44.0	44.0	43.973098887886984	43.331077815369746	0.16396015935767982	0.23662899870534648	6654	24828
CTCF_0-TAL_0	31.0	31.0	31.453058544374635	31.22761602264191	0.18735074017270104	0.0390010839290903	67009	320821
FOS-JUN_0-TAL_0	39.0	39.0	39.886810849140225	40.09658598798862	0.20080774323612638	0.013583925252186331	67692	210134
CREB_0-NFI_0	41.0	40.0	41.54403149908768	41.08296384113812	0.2226147875571246	0.20012430787718083	10413	42175
ATF-CREB-JUN_0-NF2L-NFE_0	36.0	35.0	38.41944547745961	38.1127798394984	0.25750808693309646	0.025855002408470162	24201	74641
ATF-CEBP_0-E2F_1	36.0	38.0	38.518406889128094	39.094146992284934	0.2695810888537482	0.2537060452523273	4645	17239
ATF-CREB-JUN_0-STAT_0	41.0	41.0	42.21487866049666	41.96526222649465	0.2753522051383529	0.032217198684052595	28309	91543
ATF-CEBP_0-FOS-JUN_0	34.0	35.0	35.53253928866832	35.80014983678493	0.28412406423614356	0.014608047575600464	30225	93435
NFI_0-RFX_1	36.0	36.0	37.540865928103095	37.22251357932197	0.29391535158094617	0.551943230578056	17692	69407
ATF-CREB-JUN_0-NFI_0	44.0	43.0	44.10770836958413	43.82752486580971	0.29456619898780734	0.09188045725081406	17241	64647
CREB_0-RFX_1	35.0	35.0	36.22113702623907	36.699761535258716	0.304299981999372	0.2581900889247156	6860	26419
CTCF_0-ELF_0	35.0	34.0	34.60843524528512	34.404443234261215	0.3178227208893224	0.7206068271622645	35897	143229
NF2L-NFE_0-TAL_0	38.0	38.0	39.45007934408886	39.30582821147907	0.32552645644828804	0.04511078430200288	60496	196218
ATF-CEBP_0-TAL_0	41.0	41.0	41.616099330357144	41.41890324787466	0.32636043421877314	0.28332012632712067	35840	119863
ATF-CREB-JUN_0-RFX_1	35.0	36.0	36.26681783824641	36.53085297537258	0.3466693116062045	0.20409664833123897	13230	47305
NFI_0-RUNX_0	42.0	42.0	42.18767118003318	41.99480010229307	0.37278419750538005	0.7431734908431034	25923	105579
NF2L-NFE_0-ZNF_3	42.0	43.0	42.72827545088687	42.801427699534145	0.3733426966465918	0.00811011544309293	107344	388317
E2F_1-ZNF_0	41.0	40.0	41.41449460965958	41.31048976223704	0.3756832506407959	0.33294762674619494	95263	427779
E2F_1-RUNX_0	39.0	40.0	40.07359652299891	40.350840219621766	0.3928182569230486	0.47170224325130305	13805	54093
ELF_0-RFX_1	40.0	40.0	41.3941873952829	41.64389890042761	0.42677708579002227	0.5276162179047283	15518	52384
ATF-CREB-JUN_0-E2F_1	37.0	38.0	37.77695223654283	37.38804189314596	0.4349944927340904	5.6611311522997456e-08	6595	22629
GATA_1-ZNF_0	45.0	45.0	45.46676970633694	45.31086637624467	0.4502323411642267	0.2194208009191977	30409	89984
STAT_0-TAL_0	39.0	38.0	39.59804105293405	39.504628799024005	0.45719274637695795	0.19674425437477716	80043	278690
CTCF_0-RUNX_0	33.0	33.0	33.707563570617275	33.85335839598997	0.4686397882923007	0.6682709498024696	43141	199500
CREB_0-GATA_1	39.0	39.0	40.5039952057531	40.1639288392066	0.4713793628426275	0.2706788124427557	5006	14671
ATF-CREB-JUN_0-FOS-JUN_0	36.0	36.0	37.840908275639414	37.997174083690595	0.4992225862414227	0.1174130347696345	27877	82805
ATF-CREB-JUN_0-ELF_0	40.0	40.0	41.10087694483734	40.90582406282135	0.5190620242504675	0.5187326198292557	17675	53485
ATF-CEBP_0-RUNX_0	42.0	41.0	42.519383493146655	42.331536800584864	0.5199919368933796	0.6581724517581282	16999	58817
NFI_0-NFI_0	44.0	44.0	44.628251331870885	44.823469786961624	0.5398819143061265	0.5732280133988816	12764	56234
E2F_1-E2F_1	-16.0	-16.0	11.910555026409213	12.361201083745849	0.5784837867032173	0.040656980905292794	11549	49089
RUNX_0-TAL_0	40.0	40.0	40.80655418430414	40.70860583411191	0.5824016618504981	0.35421939955874904	50319	192660
ELF_0-FOS-JUN_0	39.0	39.0	40.278199980088274	40.39231733728485	0.5869899709085009	0.7693961168007496	30133	87730
NFI_1-ZNF_3	38.0	38.0	39.23361220423659	39.26956284283796	0.6000560619492405	0.00011323630648735986	201766	919166
GATA_1-NFI_1	41.0	42.0	42.139003993068634	42.31078984311504	0.6036693755824005	0.05241966226868955	13273	40603
ELF_0-NFI_1	40.0	41.0	41.312808586762074	41.20512496353204	0.6128510314749818	0.3770984923574041	27950	102830
NF2L-NFE_0-ZNF_0	43.0	43.0	44.368400597907325	44.42768427610977	0.6608540887156399	0.2780080512725023	66900	245569
GATA_1-RUNX_0	41.0	41.0	41.39028005304626	41.522109988776656	0.6686337628811325	0.7380562564761135	12819	35640
E2F_1-TAL_0	41.0	41.0	41.773622298938754	41.65125635770136	0.6742732163362284	0.7334434498438781	15642	65865
RFX_1-RUNX_0	35.0	35.0	36.85464418405259	36.73568281938326	0.6825991491988305	0.8793448812358425	17495	65376
ATF-CEBP_0-NF2L-NFE_0	36.0	36.0	37.34125464139144	37.24114721239267	0.702666851969485	0.3453655633470224	25585	80822
CREB_0-TAL_0	42.0	42.0	42.45229969120754	42.36159607980399	0.7262289430191669	0.7218767261957728	18459	71425
ELF_0-RUNX_0	42.0	42.0	42.003713345073116	41.937188239891505	0.7511821512761437	0.6670540607295485	26122	87006
RFX_1-STAT_0	37.0	36.0	36.99631774631774	36.935574573377096	0.7546391436506941	0.083917679567317	27972	97803
NFI_0-ZNF_3	44.0	44.0	44.43630304857777	44.405901891105195	0.7597319188677305	0.625729498351274	129339	559990
NFI_1-STAT_0	37.0	37.0	38.01666705957236	37.96675495260124	0.7768003737693663	0.13983124833142735	42419	166882
NFI_1-RFX_1	35.0	35.0	36.17032678365031	36.212673687936984	0.7906263075297515	0.44084407354824184	19034	79093
GATA_1-NFI_0	43.0	43.0	43.296458141674336	43.379019052322406	0.7908010759466497	0.9071144658905919	13044	38473
CTCF_0-NFI_0	34.0	34.0	34.36763066978714	34.326901113812404	0.8025043969295202	0.822332153071526	35892	176870
NF2L-NFE_0-NFI_0	40.0	40.0	41.24802795460836	41.19722256523267	0.8187890859677427	0.997806805618376	28904	105277
CTCF_0-RFX_1	37.0	37.0	36.548609637019744	36.47883846563303	0.8423556245230958	0.47423502597593736	18844	88297
CREB_0-NF2L-NFE_0	32.0	32.0	34.21890051486464	34.2587042226761	0.860128553935616	0.9685790594607216	12042	42106
CREB_0-FOS-JUN_0	36.0	37.0	37.324300905868455	37.27604105502971	0.8763886189915323	0.7574896551513466	12695	42577
CTCF_0-FOS-JUN_0	37.0	38.0	37.325699236590324	37.305199470908114	0.880669596910717	0.8901939949278546	29997	122474
RUNX_0-ZNF_0	37.0	37.0	37.88042615041132	37.89041766956054	0.888655855624898	0.6597188060946908	133474	565447
CREB_0-E2F_1	39.0	39.0	39.827407663099756	39.88260952019723	0.9090266180829034	0.7916543349535146	5794	21092
ATF-CREB-JUN_0-GATA_1	38.0	38.0	39.13477975016436	39.1250788754119	0.9137851082523097	0.16386797248370522	10647	28526
ATF-CEBP_0-CTCF_0	38.0	38.0	37.48189910979229	37.43110079486107	0.9168671391337699	0.4282294465827917	16850	74101
GATA_1-NF2L-NFE_0	38.0	38.0	39.81031547889242	39.79583105770981	0.9287230887027306	0.44272678350826355	17624	43944
GATA_1-RFX_1	41.0	41.0	41.97871598046057	41.94758424685343	0.9389984001365875	0.855643747077036	8598	24630
E2F_1-GATA_1	44.0	45.0	43.669979437971215	43.732442617334705	0.9515565412980155	0.5059355249890382	2918	8757
ATF-CEBP_0-ELF_0	40.0	40.0	41.14499852463854	41.16699578475677	0.9630296617413183	0.6381788968278868	16945	52666
NFI_1-ZNF_0	41.0	40.0	41.026517998830705	41.02053947529738	0.9693297899895597	0.03723166619481144	143676	660679
E2F_1-ZNF_3	40.0	40.0	41.14905066327109	41.15392963894293	0.973420164674133	0.20231447039299433	114659	505848
GATA_1-TAL_0	30.0	29.0	32.812602739726024	32.699977863862756	0.9783501730579115	0.0521162303766578	34675	90350
